OBJET,famille_mat,DIAMETRE,age,score_pred,top_pct,y_reel,renouvele
410118056,Acier,80.0,38.0,0.664215686917305,0.0,1,0
410032867,Plastique,51.0,47.0,0.6513157904148101,0.0,1,0
410016559,Plastique,51.0,48.0,0.6183297157287597,0.0,1,0
410053079,Fonte,60.0,45.0,0.6041666686534881,0.0,1,0
410107002,Plastique,51.0,47.0,0.5527609527111054,0.0,1,0
410053077,Fonte,60.0,45.0,0.5400641024112701,0.0,1,0
410127947,Plastique,50.0,38.0,0.5303443849086762,0.0,1,0
416003356,Plastique,51.0,48.0,0.5224170446395874,0.0,1,0
410127941,Plastique,50.0,38.0,0.5168635189533234,0.0,1,0
410122551,Plastique,51.0,53.0,0.5122073322534562,0.0,1,0
410046588,Plastique,51.0,48.0,0.5041666686534881,0.0,1,0
410955471,Plastique,51.0,58.0,0.49921645820140836,0.0,1,0
417003304,Fonte_grise,125.0,58.0,0.4966515898704529,0.0,1,0
410001411,Fonte_grise,100.0,63.0,0.4922070443630219,0.0,1,0
410099144,Plastique,51.0,43.0,0.4862179487943649,0.0,1,0
410101152,Fonte_grise,250.0,58.0,0.48186313509941103,0.0,1,0
410070738,Fonte_grise,70.0,60.0,0.48186313509941103,0.0,1,0
410018014,Fonte_grise,80.0,56.0,0.4816775441169739,0.0,1,0
410035302,Fonte_grise,100.0,62.0,0.47864528000354767,0.0,1,0
410123679,Plastique,51.0,25.0,0.46966096833348275,0.0,1,0
416003981,Fonte_grise,125.0,38.0,0.4684464603662491,0.0,1,0
410104833,Plastique,51.0,43.0,0.4630173623561859,0.0,1,0
410107445,Plastique,51.0,58.0,0.4630173623561859,0.0,1,0
410028479,Fonte_grise,80.0,62.0,0.4630173623561859,0.0,1,0
410066748,Fonte_grise,60.0,58.0,0.4522070437669754,0.0,1,0
410011409,Plastique,51.0,47.0,0.4503205120563507,0.0,1,0
410107456,Plastique,63.0,58.0,0.4456640392541885,0.0,1,0
416000443,Fonte_grise,60.0,64.0,0.4386908203363419,0.0,1,0
410511989,Fonte_grise,150.0,64.0,0.43087705969810486,0.0,1,0
410023892,Plastique,63.0,40.0,0.4296429455280304,0.0,1,0
416501836,Fonte_grise,80.0,64.0,0.4224634557962418,0.0,1,0
417500618,Amiante_ciment,60.0,57.0,0.42045538425445556,0.0,1,0
417002275,Plastique,40.0,58.0,0.4177246496081352,0.0,1,0
410526051,Fonte_grise,100.0,53.0,0.4156999737024307,0.0,1,0
410525854,Fonte_grise,100.0,53.0,0.41193792819976804,0.0,1,0
410105814,Fonte,60.0,48.0,0.3974353298544884,0.0,1,0
410111780,Plastique,63.0,38.0,0.3921178221702576,0.1,1,0
412002253,Acier,400.0,53.0,0.37793577611446383,0.1,1,0
410042289,Fonte,100.0,46.0,0.37484440505504607,0.1,1,0
410525665,Fonte_grise,100.0,53.0,0.37484440505504607,0.1,1,0
410108723,Plastique,63.0,38.0,0.37484440505504607,0.1,1,0
410041319,Fonte_grise,80.0,60.0,0.3693270444869995,0.1,1,0
410046592,Plastique,51.0,48.0,0.36387849599123,0.1,1,0
410014632,Fonte_grise,80.0,57.0,0.36137997210025785,0.1,1,0
417000107,Plastique,51.0,48.0,0.3592220231890678,0.1,1,0
410122976,Plastique,51.0,47.0,0.3497389853000641,0.1,1,0
410927077,Fonte,125.0,49.0,0.3350137025117874,0.1,1,0
410119273,Plastique,32.0,48.0,0.3245777443051338,0.1,1,0
410532356,Amiante_ciment,80.0,57.0,0.31987121105194094,0.1,1,0
410095451,Acier,60.0,53.0,0.31943314969539643,0.1,1,0
410965229,Fonte_grise,100.0,58.0,0.3127101719379425,0.1,1,0
410018037,Fonte_grise,80.0,56.0,0.30464295148849485,0.1,1,0
410532459,Amiante_ciment,100.0,48.0,0.3037314161658287,0.1,1,0
410100931,Plastique,36.0,58.0,0.3000133216381073,0.1,1,0
410531173,Plastique,110.0,59.0,0.29766038060188293,0.1,1,0
417000426,Plastique,51.0,39.0,0.29746346175670624,0.1,1,0
410107435,Plastique,51.0,58.0,0.29408472701907157,0.1,1,0
410094478,Acier,400.0,53.0,0.2918954536318779,0.1,1,0
410120468,Fonte_grise,125.0,38.0,0.2897460401058197,0.1,1,0
410808978,Plastique,51.0,47.0,0.2894230842590332,0.1,1,0
410093812,Plastique,51.0,38.0,0.2836905658245087,0.1,1,0
410125954,Plastique,51.0,39.0,0.2794436447322369,0.1,1,0
410122573,Plastique,51.0,53.0,0.2793145179748535,0.1,1,0
410024578,Fonte,100.0,40.0,0.27893327847123145,0.1,1,0
414502703,Fonte_grise,125.0,38.0,0.27651107609272,0.1,1,0
410094773,Plastique,51.0,38.0,0.27651107609272,0.1,1,0
410077102,Fonte,80.0,53.0,0.2704808920621872,0.1,1,0
410118591,Plastique,51.0,53.0,0.26890961527824403,0.1,1,0
410516940,Fonte_grise,150.0,69.0,0.26778962165117265,0.1,1,0
410509197,Fonte_grise,250.0,59.0,0.2652589976787567,0.1,1,0
410035805,Plastique,51.0,48.0,0.2638142257928848,0.2,1,0
410053023,Fonte,60.0,51.0,0.261434581130743,0.2,1,0
410136107,Acier,100.0,38.0,0.2610575154423714,0.2,1,0
416001090,Fonte_grise,60.0,38.0,0.26088869422674177,0.2,1,0
410031925,Fonte,100.0,42.0,0.26088869422674177,0.2,1,0
414001261,Plastique,40.0,48.0,0.2547679148614407,0.2,1,0
410103755,Plastique,32.0,48.0,0.2544638320803642,0.2,1,0
410820799,Plastique,110.0,58.0,0.25314862132072447,0.2,1,0
410077397,Plastique,32.0,55.0,0.25037943199276924,0.2,1,0
410102306,Fonte,80.0,55.0,0.24861406907439232,0.2,1,0
410098977,Fonte_grise,100.0,43.0,0.2479572296142578,0.2,1,0
410127369,Fonte_grise,225.0,58.0,0.24640830159187316,0.2,1,0
410015748,Plastique,63.0,58.0,0.2453407034277916,0.2,1,0
416002355,Plastique,110.0,58.0,0.24368625283241271,0.2,1,0
410532458,Plastique,50.0,48.0,0.2402031160891056,0.2,1,0
410091525,Fonte_grise,150.0,63.0,0.23743270114064216,0.2,1,0
410001398,Fonte_grise,250.0,64.0,0.23526037931442262,0.2,1,0
410919815,Fonte_grise,60.0,58.0,0.23526037931442262,0.2,1,0
410523911,Fonte_grise,80.0,60.0,0.23169546723365783,0.2,1,0
410061295,Plastique,51.0,58.0,0.23169546723365783,0.2,1,0
410051797,Fonte_grise,80.0,69.0,0.23138660192489624,0.2,1,0
410124278,Plastique,51.0,48.0,0.22993741258978845,0.2,1,0
410111458,Plastique,51.0,38.0,0.22993741258978845,0.2,1,0
410521218,Plastique,51.0,58.0,0.22993741258978845,0.2,1,0
410123490,Plastique,51.0,48.0,0.22993741258978845,0.2,1,0
410104196,Plastique,63.0,48.0,0.22993741258978845,0.2,1,0
410085972,Plastique,51.0,48.0,0.22991983219981194,0.2,1,0
410532388,Plastique,110.0,57.0,0.2294614039361477,0.2,1,0
410018392,Fonte_grise,80.0,61.0,0.2287699356675148,0.2,1,0
410118447,Plastique,51.0,53.0,0.22843882218003272,0.2,1,0
410018016,Fonte_grise,200.0,56.0,0.228279310464859,0.2,1,0
410507152,Plastique,63.0,58.0,0.22676709666848183,0.2,1,0
410022565,Plastique,51.0,44.0,0.22653892487287522,0.2,1,0
410095498,Fonte,150.0,48.0,0.225909985601902,0.2,1,0
410100700,Fonte_grise,60.0,58.0,0.22459477484226226,0.2,1,0
410515754,Fonte_grise,150.0,64.0,0.22459477484226226,0.3,1,0
410100964,Fonte_grise,80.0,58.0,0.22459477484226226,0.3,1,0
410105855,Fonte,60.0,48.0,0.22430921765044332,0.3,1,0
410916363,Acier,60.0,58.0,0.22395228445529938,0.3,1,0
410810453,Plastique,50.0,58.0,0.2236133933067322,0.3,1,0
410035275,Plastique,51.0,58.0,0.22311585545539855,0.3,1,0
410916626,Fonte,100.0,48.0,0.22234507352113725,0.3,1,0
410094469,Fonte,100.0,53.0,0.222302458435297,0.3,1,0
410107446,Plastique,51.0,58.0,0.22181031927466394,0.3,1,0
410810020,Fonte_grise,100.0,57.0,0.22121595814824105,0.3,1,0
410051623,Fonte_grise,100.0,69.0,0.22109982073307038,0.3,1,0
410070471,Fonte_grise,80.0,58.0,0.22108276933431625,0.3,1,0
410094472,Fonte,100.0,53.0,0.22047504410147667,0.3,1,0
410105680,Fonte,80.0,48.0,0.21938491761684417,0.3,1,0
410119402,Fonte,250.0,48.0,0.21908842846751214,0.3,1,0
410105968,Fonte,60.0,47.0,0.2187495455145836,0.3,1,0
410030907,Fonte_grise,60.0,58.0,0.2155662037432194,0.3,1,0
410037247,Fonte_grise,200.0,64.0,0.21506963670253754,0.3,1,0
410522680,Plastique,63.0,58.0,0.21263547092676163,0.3,1,0
417000452,Plastique,51.0,53.0,0.21245025098323822,0.3,1,0
410023275,Fonte,100.0,53.0,0.20937882587313653,0.3,1,0
416004205,Fonte_grise,100.0,58.0,0.20840297043323516,0.3,1,0
410529148,Fonte_grise,100.0,53.0,0.20840297043323516,0.3,1,0
410104967,Plastique,51.0,43.0,0.20551795773208142,0.3,1,0
410107428,Plastique,63.0,58.0,0.20549962148070336,0.3,1,0
410001894,Fonte_grise,125.0,60.0,0.20542400404810907,0.3,1,0
410934045,Fonte,125.0,50.0,0.20059505254030227,0.3,1,0
410837609,Fonte,150.0,53.0,0.2005416177213192,0.3,1,0
410934129,Fonte_grise,150.0,63.0,0.19809925369918346,0.3,1,0
410128194,Plastique,63.0,38.0,0.19773736596107483,0.3,1,0
414000022,Fonte_grise,100.0,58.0,0.19715089201927186,0.3,1,0
410101234,Plastique,36.0,58.0,0.19547854289412497,0.3,1,0
410528634,Plastique,40.0,53.0,0.19444120675325394,0.3,1,0
410804079,Fonte_grise,80.0,61.0,0.1943010523915291,0.3,1,0
410128239,Plastique,63.0,38.0,0.19254597425460815,0.4,1,0
416004320,Plastique,75.0,38.0,0.19254597425460815,0.4,1,0
410025922,Fonte_grise,80.0,64.0,0.19081697165966033,0.4,1,0
410898498,Fonte_grise,125.0,48.0,0.1906251937150955,0.4,1,0
417000137,Plastique,36.0,48.0,0.19051700159907342,0.4,1,0
410107557,Fonte,80.0,38.0,0.1889810621738434,0.4,1,0
410099101,Fonte_grise,60.0,43.0,0.1874794952571392,0.4,1,0
410004202,Fonte_grise,100.0,69.0,0.1874082788825035,0.4,1,0
410005285,Fonte_grise,300.0,69.0,0.18255428671836854,0.4,1,0
410529029,Plastique,63.0,53.0,0.18205893114209176,0.4,1,0
410965116,Fonte_grise,80.0,60.0,0.17984912395477295,0.4,1,0
410127948,Plastique,50.0,38.0,0.17984912395477295,0.4,1,0
410001977,Fonte,100.0,54.0,0.17742144614458083,0.4,1,0
410531688,Plastique,110.0,48.0,0.17666343003511428,0.4,1,0
410037883,Fonte_grise,150.0,56.0,0.17551730200648308,0.4,1,0
410127893,Fonte_grise,100.0,38.0,0.17302756682038306,0.4,1,0
410008445,Fonte,150.0,55.0,0.1723659187555313,0.4,1,0
412002601,Plastique,160.0,38.0,0.1720883548259735,0.4,1,0
410015118,Plastique,32.0,58.0,0.17204120606184006,0.4,1,0
410529666,Plastique,63.0,53.0,0.17112766951322556,0.4,1,0
410123497,Plastique,51.0,48.0,0.17038675546646118,0.4,1,0
410128037,Fonte_grise,125.0,38.0,0.1693245954811573,0.4,1,0
410128020,Fonte_grise,60.0,38.0,0.16918351948261262,0.4,1,0
410008819,Fonte_grise,150.0,57.0,0.16781253814697267,0.4,1,0
410070413,Fonte_grise,60.0,58.0,0.16764205917716027,0.4,1,0
410044027,Fonte_grise,80.0,69.0,0.16625798791646956,0.4,1,0
410128036,Fonte_grise,135.0,38.0,0.16570543460547923,0.4,1,0
417000584,Plastique,51.0,58.0,0.16570543460547923,0.4,1,0
417500723,Plastique,75.0,36.0,0.16561860740184783,0.4,1,0
410841682,Fonte_grise,100.0,62.0,0.16500827819108962,0.5,1,0
416001720,Fonte_grise,60.0,52.0,0.16400162875652313,0.5,1,0
410089599,Plastique,51.0,23.0,0.16349126249551774,0.5,1,0
410111872,Plastique,100.0,38.0,0.16263785883784293,0.5,1,0
410100041,Plastique,32.0,38.0,0.16149887666106225,0.5,1,0
410094473,Acier,150.0,53.0,0.16144336611032487,0.5,1,0
410070466,Fonte_grise,150.0,58.0,0.16053727716207505,0.5,1,0
410004180,Fonte,250.0,55.0,0.15917494520545006,0.5,1,0
410525907,Fonte_grise,80.0,53.0,0.15889576971530914,0.5,1,0
410855684,Fonte_grise,100.0,53.0,0.15818672105669976,0.5,1,0
410526886,Fonte_grise,100.0,53.0,0.1571643754839897,0.5,1,0
410100079,Plastique,32.0,25.0,0.15624306611716748,0.5,1,0
414001647,Plastique,51.0,43.0,0.1560352176427841,0.5,1,0
417002670,Plastique,90.0,48.0,0.1548437438905239,0.5,1,0
416501835,Plastique,32.0,64.0,0.15439818426966667,0.5,1,0
410529061,Fonte_grise,60.0,53.0,0.15375619977712632,0.5,1,0
410101178,Fonte_grise,80.0,58.0,0.15371572002768516,0.5,1,0
410118016,Plastique,50.0,38.0,0.1535780645906925,0.5,1,0
410898867,Fonte_grise,150.0,48.0,0.1533498927950859,0.5,1,0
410119327,Acier,150.0,48.0,0.153254534304142,0.5,1,0
417501173,Amiante_ciment,150.0,48.0,0.1528637543320656,0.5,1,0
410838341,Fonte_grise,60.0,60.0,0.1528062976896763,0.5,1,0
410127898,Plastique,50.0,38.0,0.15154681876301765,0.5,1,0
410922253,Plastique,51.0,48.0,0.15125274732708932,0.5,1,0
410018762,Fonte_grise,150.0,58.0,0.15038611218333245,0.5,1,0
410116807,Fonte_grise,100.0,53.0,0.1500868372619152,0.5,1,0
410958731,Fonte,80.0,53.0,0.14992682337760926,0.5,1,0
410821126,Fonte,100.0,53.0,0.1490756466984749,0.6,1,0
410842261,Plastique,36.0,58.0,0.14883632734417915,0.6,1,0
410008309,Fonte_grise,80.0,69.0,0.14850934073328972,0.6,1,0
410948428,Fonte_grise,125.0,60.0,0.1469901531934738,0.6,1,0
410126225,Plastique,51.0,39.0,0.14698455184698106,0.6,1,0
410104828,Plastique,51.0,43.0,0.14689267240464687,0.6,1,0
410127032,Fonte_grise,80.0,48.0,0.14676323011517525,0.6,1,0
410119274,Plastique,63.0,48.0,0.146013480424881,0.6,1,0
410526508,Plastique,50.0,53.0,0.1456846170127392,0.6,1,0
410011325,Fonte,100.0,50.0,0.14509167596697808,0.6,1,0
410041265,Fonte,100.0,47.0,0.14446201398968697,0.6,1,0
410108906,Plastique,63.0,36.0,0.14381814524531364,0.6,1,0
410523429,Plastique,36.0,59.0,0.14354920014739037,0.6,1,0
410116685,Fonte_grise,60.0,53.0,0.1424737848341465,0.6,1,0
410531671,Plastique,40.0,48.0,0.14219642505049707,0.6,1,0
410854737,Fonte_grise,175.0,58.0,0.14219056442379951,0.6,1,0
410006553,Fonte_grise,80.0,59.0,0.141077421605587,0.6,1,0
410051407,Fonte_grise,60.0,69.0,0.1408926136791706,0.6,1,0
410119258,Fonte_grise,60.0,68.0,0.14080223068594933,0.6,1,0
410023156,Fonte,150.0,55.0,0.14080223068594933,0.6,1,0
410855683,Fonte_grise,100.0,53.0,0.14078996963799,0.6,1,0
410043858,Plastique,63.0,58.0,0.14055038020014762,0.6,1,0
410016408,Fonte_grise,100.0,58.0,0.13776954375207423,0.7,1,0
410037878,Fonte_grise,100.0,69.0,0.13727345280349254,0.7,1,0
410515450,Fonte_grise,150.0,63.0,0.13658976629376413,0.7,1,0
416005257,Amiante_ciment,60.0,57.0,0.13656489700078964,0.7,1,0
410028470,Fonte,100.0,45.0,0.1361897937953472,0.7,1,0
410004193,Fonte,150.0,55.0,0.1357739433646202,0.7,1,0
410029055,Fonte_grise,80.0,69.0,0.13566799387335776,0.7,1,0
410044667,Plastique,51.0,44.0,0.13555134758353232,0.7,1,0
410124957,Fonte_grise,80.0,63.0,0.13447827361524106,0.7,1,0
410526028,Fonte_grise,100.0,53.0,0.1326908715069294,0.7,1,0
410035274,Plastique,51.0,58.0,0.13193908669054508,0.7,1,0
410515755,Fonte_grise,150.0,64.0,0.13179809153079985,0.7,1,0
410100926,Plastique,36.0,58.0,0.13171608354896308,0.7,1,0
410052928,Fonte_grise,60.0,58.0,0.1313526127487421,0.7,1,0
410100019,Fonte_grise,60.0,58.0,0.1313526127487421,0.7,1,0
410907658,Fonte_grise,60.0,58.0,0.1313526127487421,0.7,1,0
410526054,Fonte_grise,100.0,53.0,0.13112696185708045,0.7,1,0
410111454,Plastique,51.0,38.0,0.13073661588132382,0.7,1,0
416001721,Fonte_grise,60.0,52.0,0.13031356483697892,0.7,1,0
410089644,Plastique,51.0,72.0,0.12934590280056,0.7,1,0
416005583,Plastique,50.0,58.0,0.12861581109464168,0.8,1,0
410052512,Acier,40.0,69.0,0.12800616677850485,0.8,1,0
410922942,Fonte_grise,300.0,69.0,0.12793792337179183,0.8,1,0
410116120,Plastique,40.0,48.0,0.12735557928681374,0.8,1,0
410120510,Plastique,36.0,28.0,0.12732518576085566,0.8,1,0
410099262,Plastique,51.0,43.0,0.126547858864069,0.8,1,0
410121111,Plastique,51.0,58.0,0.12541364915668965,0.8,1,0
410127372,Fonte_grise,225.0,58.0,0.12527265399694443,0.8,1,0
410840920,Fonte_grise,80.0,69.0,0.1252365555614233,0.8,1,0
410532084,Fonte_grise,100.0,36.0,0.12461079433560371,0.8,1,0
410119906,Amiante_ciment,150.0,58.0,0.12427646927535534,0.8,1,0
410125998,Plastique,51.0,39.0,0.12200637646019459,0.8,1,0
410832689,Fonte_grise,100.0,69.0,0.12196529805660247,0.8,1,0
410528558,Fonte_grise,200.0,53.0,0.12180307991802693,0.8,1,0
410002748,Fonte_grise,60.0,69.0,0.12138622216880321,0.8,1,0
410513031,Fonte_grise,60.0,58.0,0.12126512713730335,0.9,1,0
410517776,Fonte_grise,100.0,69.0,0.12095200270414352,0.9,1,0
410019987,Fonte_grise,80.0,63.0,0.12091307640075684,0.9,1,0
417000110,Plastique,63.0,58.0,0.12079974822700024,0.9,1,0
410004800,Fonte,150.0,55.0,0.12039026767015457,0.9,1,0
410011312,Fonte,100.0,50.0,0.11952055841684342,0.9,1,0
410027163,Fonte_grise,100.0,69.0,0.11947135627269745,0.9,1,0
410128355,Fonte_grise,60.0,38.0,0.11890920214354991,0.9,1,0
410127823,Fonte_grise,125.0,38.0,0.11842399053275585,0.9,1,0
410095454,Acier,150.0,53.0,0.11833641529083253,0.9,1,0
410083417,Fonte_grise,80.0,69.0,0.1179505217820406,0.9,1,0
410833988,Fonte_grise,80.0,69.0,0.11725283488631248,0.9,1,0
410127818,Fonte_grise,125.0,38.0,0.11667987816035748,0.9,1,0
410097308,Fonte_grise,60.0,58.0,0.11651176698505879,0.9,1,0
410111837,Fonte_grise,100.0,48.0,0.11621471121907234,0.9,1,0
417003996,Amiante_ciment,175.0,53.0,0.11395397260785103,1.0,1,0
410012396,Plastique,50.0,69.0,0.11306813545525074,1.0,1,0
410053182,Plastique,51.0,45.0,0.11248433999717236,1.0,1,0
410820745,Fonte,60.0,53.0,0.11209954172372819,1.0,1,0
410033348,Fonte,200.0,43.0,0.11203272864222527,1.0,1,0
410028805,Fonte,150.0,51.0,0.11152565963566304,1.0,1,0
410100882,Fonte_grise,80.0,58.0,0.11136780828237533,1.0,1,0
410916606,Fonte,100.0,48.0,0.11128782257437705,1.0,1,0
410025943,Fonte_grise,50.0,69.0,0.11120222546160222,1.0,1,0
410105725,Fonte,60.0,48.0,0.11096926406025887,1.0,1,0
410945491,Fonte_grise,100.0,48.0,0.11085683926939964,1.0,1,0
410015654,Fonte_grise,100.0,69.0,0.11048261858522893,1.0,1,0
410518663,Fonte_grise,250.0,60.0,0.10854955911636352,1.1,1,0
414001493,Fonte_grise,60.0,58.0,0.1084641020745039,1.1,1,0
410108492,Fonte,100.0,48.0,0.10826571732759475,1.1,1,0
410820201,Plastique,110.0,58.0,0.10813451334834098,1.1,1,0
410531085,Fonte,60.0,59.0,0.1077551451511681,1.1,1,0
410020136,Fonte_grise,100.0,65.0,0.10774864740669728,1.1,1,0
410005335,Fonte_grise,100.0,69.0,0.10744898710399867,1.1,1,0
410033570,Fonte_grise,150.0,60.0,0.10732940025627613,1.1,1,0
410128091,Plastique,63.0,38.0,0.10723767839372159,1.1,1,0
410101322,Fonte_grise,80.0,58.0,0.10723767839372159,1.1,1,0
410101355,Fonte_grise,80.0,58.0,0.10723767839372159,1.1,1,0
410016606,Plastique,51.0,48.0,0.10656906962394715,1.1,1,0
410028025,Fonte_grise,60.0,69.0,0.10582863204181195,1.1,1,0
410093780,Fonte,60.0,53.0,0.10542036592960358,1.1,1,0
417003105,Plastique,51.0,23.0,0.10507311224937439,1.1,1,0
410947459,Fonte_grise,80.0,58.0,0.10475272722542286,1.2,1,0
410003092,Fonte_grise,80.0,69.0,0.10475272722542286,1.2,1,0
410119260,Fonte_grise,60.0,68.0,0.10321025140583515,1.2,1,0
410027511,Fonte,100.0,51.0,0.10288681723177433,1.2,1,0
410088857,Fonte,100.0,55.0,0.10242706425487995,1.2,1,0
410944572,Fonte_grise,150.0,69.0,0.10183017067611218,1.2,1,0
410116978,Fonte_grise,150.0,68.0,0.10092878434807062,1.2,1,0
417002913,Fonte_grise,225.0,58.0,0.10084835886955261,1.2,1,0
410928954,Acier,162.0,68.0,0.09752778755500913,1.2,1,0
410019693,Plastique,51.0,43.0,0.0974265243858099,1.2,1,0
416000333,Plastique,50.0,38.0,0.0940286286175251,1.3,1,0
410006550,Fonte_grise,150.0,61.0,0.09355536587536335,1.3,1,0
410071300,Fonte_grise,60.0,58.0,0.09324828945100308,1.3,1,0
410066660,Fonte_grise,60.0,58.0,0.09305095560848713,1.3,1,0
410109005,Fonte,150.0,48.0,0.0920098964124918,1.3,1,0
410127662,Fonte_grise,60.0,38.0,0.0913495983928442,1.3,1,0
410052978,Fonte,175.0,48.0,0.09089683517813682,1.3,1,0
410107176,Fonte_grise,60.0,58.0,0.0907799918204546,1.3,1,0
410033324,Fonte,100.0,52.0,0.08977607637643814,1.3,1,0
410017778,Fonte_grise,150.0,69.0,0.08932133689522744,1.3,1,0
412000126,Acier,400.0,15.0,0.08911574468947947,1.3,1,0
416003543,Plastique,63.0,58.0,0.08838101364672184,1.3,1,0
410035444,Plastique,51.0,43.0,0.08787004463374615,1.3,1,0
410532199,Fonte_grise,60.0,38.0,0.08621536158025264,1.3,1,0
410095425,Acier,150.0,53.0,0.0852011028677225,1.3,1,0
416001437,Amiante_ciment,60.0,58.0,0.0845845140516758,1.3,1,0
410079453,Fonte,150.0,53.0,0.08412815444171429,1.4,1,0
413503780,Fonte,80.0,53.0,0.08407467529177666,1.4,1,0
416002303,Plastique,110.0,58.0,0.08365429863333702,1.4,1,0
410032151,Fonte_grise,150.0,58.0,0.08293784409761429,1.4,1,0
410052698,Fonte_grise,60.0,69.0,0.08230328746140003,1.4,1,0
410116242,Plastique,63.0,35.0,0.08207550980150699,1.4,1,0
410532058,Fonte_grise,150.0,36.0,0.08207550980150699,1.4,1,0
410028098,Fonte_grise,40.0,69.0,0.08202660456299782,1.4,1,0
410018394,Fonte_grise,60.0,61.0,0.0819992046803236,1.4,1,0
410025656,Plastique,36.0,58.0,0.08198008611798287,1.4,1,0
410531171,Fonte_grise,100.0,59.0,0.08186766132712364,1.4,1,0
410043725,Plastique,51.0,51.0,0.08186766132712364,1.4,1,0
410136511,Plastique,50.0,58.0,0.0814163325354457,1.4,1,0
410093888,Plastique,51.0,38.0,0.080556651763618,1.4,1,0
410083359,Fonte,60.0,53.0,0.0803984367288649,1.5,1,0
410001934,Fonte_grise,80.0,60.0,0.08038202859461308,1.5,1,0
410033641,Fonte_grise,150.0,60.0,0.07950148060917854,1.5,1,0
410001955,Fonte_grise,125.0,60.0,0.0790592759847641,1.5,1,0
410935596,Plastique,63.0,58.0,0.07896265760064125,1.5,1,0
410127954,Plastique,50.0,38.0,0.07881884984672069,1.5,1,0
410107434,Plastique,51.0,58.0,0.07840744368731975,1.5,1,0
410100175,Fonte_grise,80.0,58.0,0.07788675278425217,1.6,1,0
410525939,Fonte_grise,100.0,53.0,0.077848432213068,1.6,1,0
410033693,Fonte_grise,100.0,60.0,0.07756331861019135,1.6,1,0
410827865,Plastique,110.0,58.0,0.07686496786773205,1.6,1,0
410803573,Fonte,250.0,55.0,0.07664835974574088,1.6,1,0
414501556,Fonte_grise,60.0,38.0,0.07658220790326595,1.6,1,0
416002829,Fonte_grise,100.0,38.0,0.07655943464487791,1.6,1,0
410036070,Fonte_grise,125.0,57.0,0.07643118798732758,1.6,1,0
410121373,Fonte_grise,60.0,58.0,0.07593914605677128,1.7,1,0
410101230,Fonte_grise,60.0,58.0,0.07561571188271046,1.7,1,0
410129612,Plastique,32.0,43.0,0.07524612918496132,1.7,1,0
410046760,Fonte_grise,120.0,57.0,0.07493523061275482,1.7,1,0
410004329,Fonte,100.0,50.0,0.07485802918672561,1.7,1,0
416003358,Plastique,51.0,48.0,0.0742675919085741,1.7,1,0
410101093,Fonte_grise,60.0,58.0,0.0742675919085741,1.7,1,0
410029417,Fonte_grise,80.0,59.0,0.0742675919085741,1.7,1,0
410832174,Plastique,50.0,58.0,0.0742675919085741,1.7,1,0
410025923,Fonte_grise,80.0,64.0,0.0742675919085741,1.8,1,0
410100885,Fonte_grise,80.0,58.0,0.0742675919085741,1.8,1,0
410085649,Fonte_grise,80.0,58.0,0.07394415773451328,1.8,1,0
415500525,Fonte_grise,125.0,58.0,0.07394415773451328,1.8,1,0
410115893,Plastique,50.0,68.0,0.07354016788303852,1.8,1,0
410048799,Fonte_grise,80.0,69.0,0.07309112139046192,1.8,1,0
410910551,Fonte_grise,80.0,68.0,0.07302919887006283,1.8,1,0
410827877,Plastique,63.0,58.0,0.07302919887006283,1.8,1,0
410530844,Plastique,63.0,59.0,0.07302919887006283,1.9,1,0
410006386,Fonte_grise,100.0,58.0,0.07302919887006283,1.9,1,0
410810132,Fonte_grise,300.0,69.0,0.07285854555666446,1.9,1,0
410000569,Fonte,80.0,52.0,0.0727251160889864,1.9,1,0
410097292,Fonte_grise,80.0,58.0,0.0727251160889864,1.9,1,0
410104887,Plastique,51.0,43.0,0.0727251160889864,1.9,1,0
410827083,Fonte_grise,80.0,61.0,0.0727251160889864,1.9,1,0
416004416,Fonte_grise,80.0,53.0,0.07270576469600201,2.0,1,0
412002960,Fonte,100.0,53.0,0.07259832415729761,2.0,1,0
410031930,Fonte_grise,150.0,59.0,0.07195780090987683,2.0,1,0
410107613,Fonte,60.0,47.0,0.07173521909862757,2.0,1,0
410114511,Fonte_grise,150.0,58.0,0.0716201525181532,2.0,1,0
410855672,Fonte_grise,125.0,58.0,0.0716201525181532,2.0,1,0
417500821,Amiante_ciment,60.0,57.0,0.07159438803792,2.0,1,0
410028865,Fonte,150.0,54.0,0.07131606973707676,2.1,1,0
410024896,Fonte_grise,150.0,59.0,0.07131606973707676,2.1,1,0
417003515,Fonte_grise,100.0,58.0,0.07131606973707676,2.1,1,0
410008484,Fonte_grise,40.0,69.0,0.07131606973707676,2.1,1,0
410034767,Fonte,60.0,44.0,0.07131606973707676,2.1,1,0
410009836,Fonte,100.0,51.0,0.07131606973707676,2.1,1,0
410119904,Plastique,63.0,58.0,0.07131606973707676,2.1,1,0
410082579,Fonte,60.0,47.0,0.07048277407884598,2.1,1,0
417004044,Fonte_grise,150.0,59.0,0.07013959921896458,2.1,1,0
410940120,Plastique,63.0,58.0,0.068982470408082,2.1,1,0
410800337,Fonte_grise,200.0,64.0,0.06897916328161954,2.1,1,0
410515047,Amiante_ciment,150.0,58.0,0.06820179158821701,2.2,1,0
416004015,Plastique,63.0,58.0,0.06795877777040005,2.2,1,0
416004014,Plastique,63.0,58.0,0.06795877777040005,2.2,1,0
410017936,Fonte_grise,60.0,69.0,0.06765469498932361,2.2,1,0
410016124,Fonte_grise,60.0,69.0,0.06704265223816037,2.2,1,0
410037667,Fonte,300.0,55.0,0.06643067076802253,2.2,1,0
410009003,Fonte,150.0,55.0,0.06605534367263317,2.2,1,0
410933507,Fonte_grise,100.0,48.0,0.06569603532552719,2.2,1,0
410093894,Plastique,51.0,38.0,0.0648935567587614,2.2,1,0
410095055,Plastique,51.0,38.0,0.0648935567587614,2.2,1,0
410127699,Plastique,40.0,38.0,0.06311936229467392,2.2,1,0
410128167,Fonte_grise,60.0,38.0,0.06249612160027027,2.3,1,0
410082960,Fonte_grise,250.0,68.0,0.06189875081181526,2.3,1,0
413506174,Fonte_grise,60.0,58.0,0.06168272458016873,2.3,1,0
410532138,Fonte_grise,100.0,36.0,0.06164940949529409,2.3,1,0
410027592,Fonte_grise,150.0,56.0,0.06134672425687313,2.3,1,0
410072059,Acier,150.0,48.0,0.06085035875439644,2.3,1,0
416004175,Fonte_grise,100.0,38.0,0.0608086820691824,2.3,1,0
410898799,Fonte_grise,80.0,69.0,0.05978521853685379,2.3,1,0
416001676,Plastique,32.0,33.0,0.058845105767250064,2.4,1,0
410123501,Plastique,51.0,48.0,0.05854102298617363,2.4,1,0
413507877,Fonte,80.0,53.0,0.05826180838048458,2.4,1,0
410024527,Fonte_grise,100.0,60.0,0.05826180838048458,2.4,1,0
410017058,Fonte_grise,100.0,61.0,0.0582053791731596,2.4,1,0
410821101,Plastique,110.0,58.0,0.05795772559940815,2.4,1,0
410855647,Fonte_grise,60.0,53.0,0.05795772559940815,2.4,1,0
410821057,Plastique,110.0,58.0,0.05795772559940815,2.4,1,0
410531242,Fonte,60.0,59.0,0.05765618495643139,2.4,1,0
410052783,Fonte_grise,80.0,69.0,0.05759630687534809,2.5,1,0
410044072,Plastique,36.0,37.0,0.057391418144106865,2.5,1,0
416004477,Fonte_grise,60.0,53.0,0.05654867924749851,2.5,1,0
410118572,Fonte_grise,60.0,53.0,0.05654867924749851,2.5,1,0
410101073,Fonte_grise,100.0,58.0,0.05654867924749851,2.5,1,0
410827772,Fonte_grise,60.0,53.0,0.05654867924749851,2.5,1,0
410916917,Fonte,80.0,48.0,0.05645782090723515,2.5,1,0
413506452,Fonte_grise,50.0,58.0,0.05586872436106205,2.5,1,0
410529117,Fonte_grise,80.0,53.0,0.05537220872938633,2.6,1,0
410128188,Fonte_grise,60.0,38.0,0.055287867411971094,2.6,1,0
410011914,Plastique,50.0,58.0,0.05503516905009746,2.6,1,0
410125621,Plastique,32.0,41.0,0.0546673234552145,2.6,1,0
416001800,Amiante_ciment,80.0,57.0,0.054613618180155754,2.6,1,0
410127397,Fonte_grise,175.0,48.0,0.0545123815536499,2.6,1,0
410120996,Plastique,51.0,48.0,0.054197170212864874,2.6,1,0
410005607,Fonte_grise,100.0,69.0,0.053960508480668065,2.6,1,0
410001457,Fonte,150.0,55.0,0.05374539159238338,2.6,1,0
410951533,Plastique,25.0,58.0,0.0534298550337553,2.6,1,0
410916613,Fonte,100.0,48.0,0.0529699057340622,2.6,1,0
414000324,Fonte_grise,175.0,48.0,0.05287090614438057,2.7,1,0
410820920,Fonte,150.0,53.0,0.05285453423857689,2.7,1,0
416005016,Plastique,63.0,38.0,0.052644597738981246,2.7,1,0
410032429,Fonte,250.0,45.0,0.052611004840582606,2.7,1,0
410123074,Fonte_grise,80.0,48.0,0.052331260219216344,2.7,1,0
417001905,Fonte,60.0,48.0,0.052323974668979645,2.7,1,0
410111018,Fonte_grise,100.0,59.0,0.05222438685595989,2.7,1,0
414502968,Fonte_grise,200.0,35.0,0.0521249171346426,2.7,1,0
410512935,Fonte_grise,100.0,36.0,0.05210447274148464,2.7,1,0
410119571,Plastique,36.0,73.0,0.052072635665535924,2.7,1,0
414001156,Plastique,51.0,48.0,0.05159792192280292,2.7,1,0
410105823,Fonte,60.0,48.0,0.05156085938215256,2.7,1,0
410108652,Fonte,50.0,48.0,0.051513901352882384,2.7,1,0
410831067,Fonte,100.0,49.0,0.05133010111749172,2.7,1,0
410820434,Plastique,90.0,58.0,0.05076077096164226,2.8,1,0
410822838,Plastique,50.0,35.0,0.050690381601452825,2.8,1,0
410820797,Plastique,125.0,58.0,0.050578686594963077,2.8,1,0
410128200,Plastique,50.0,38.0,0.05024980194866657,2.8,1,0
410527504,Fonte_grise,150.0,53.0,0.050150332227349284,2.8,1,0
410510720,Fonte_grise,100.0,69.0,0.05013551414012909,2.8,1,0
414001785,Plastique,36.0,73.0,0.050091708078980446,2.8,1,0
413503839,Fonte,100.0,48.0,0.04990719566121697,2.8,1,0
414501803,Fonte_grise,150.0,68.0,0.04974634237587452,2.8,1,0
410527366,Fonte_grise,80.0,53.0,0.04973213784396648,2.8,1,0
416004489,Plastique,110.0,58.0,0.04944225959479809,2.9,1,0
410827878,Plastique,110.0,58.0,0.04944225959479809,2.9,1,0
410820193,Fonte,60.0,53.0,0.04894350022077561,2.9,1,0
410124872,Fonte_grise,80.0,63.0,0.0489312905818224,2.9,1,0
410096954,Fonte_grise,80.0,58.0,0.0489312905818224,2.9,1,0
410088508,Fonte_grise,80.0,58.0,0.0489312905818224,2.9,1,0
410820461,Fonte,200.0,53.0,0.0489312905818224,2.9,1,0
410910242,Fonte_grise,60.0,68.0,0.0489312905818224,2.9,1,0
410124939,Fonte_grise,60.0,63.0,0.0489312905818224,2.9,1,0
410801141,Fonte_grise,60.0,69.0,0.0489312905818224,2.9,1,0
410024411,Fonte,150.0,55.0,0.0489312905818224,2.9,1,0
410127395,Fonte_grise,225.0,58.0,0.048911939188838,3.0,1,0
410942405,Fonte_grise,150.0,53.0,0.048911939188838,3.0,1,0
410015143,Fonte_grise,250.0,69.0,0.04873501155525446,3.0,1,0
410037423,Fonte,200.0,52.0,0.04860785640776157,3.0,1,0
417003821,Beton,50.0,53.0,0.04860785640776157,3.0,1,0
410098937,Fonte_grise,100.0,43.0,0.04843136183917522,3.0,1,0
410827936,Plastique,110.0,58.0,0.04791067093610764,3.1,1,0
410102747,Fonte,100.0,48.0,0.047754820063710214,3.1,1,0
410117832,Plastique,75.0,47.0,0.04775198437273502,3.1,1,0
414503085,Plastique,25.0,38.0,0.04759220965206623,3.1,1,0
410114489,Fonte_grise,80.0,68.0,0.04752224422991276,3.2,1,0
410017332,Fonte,100.0,23.0,0.04752224422991276,3.2,1,0
410089404,Fonte,150.0,47.0,0.04752224422991276,3.2,1,0
410098382,Fonte_grise,200.0,60.0,0.04752224422991276,3.2,1,0
410111097,Fonte,100.0,54.0,0.04743138588964939,3.2,1,0
410105826,Fonte,60.0,48.0,0.047330522630363706,3.2,1,0
416002733,Fonte,150.0,48.0,0.04729827977716923,3.2,1,0
410009128,Fonte_grise,80.0,57.0,0.04719024933874607,3.2,1,0
410032019,Fonte_grise,80.0,69.0,0.04718650113791227,3.3,1,0
410026616,Plastique,36.0,58.0,0.04716304019093513,3.3,1,0
410089841,Fonte,60.0,40.0,0.04700708845630288,3.3,1,0
410103665,Amiante_ciment,350.0,48.0,0.046970739215612414,3.3,1,0
410827853,Fonte_grise,150.0,53.0,0.04686681516468525,3.3,1,0
410127494,Plastique,110.0,38.0,0.046854506246745586,3.3,1,0
410126880,Acier,500.0,48.0,0.04672560915350914,3.3,1,0
410800756,Fonte_grise,150.0,38.0,0.04670328721404075,3.3,1,0
410123238,Plastique,50.0,48.0,0.04653107207268477,3.3,1,0
410113521,Plastique,50.0,48.0,0.04653107207268477,3.3,1,0
414501314,Fonte_grise,100.0,58.0,0.046501624584198,3.3,1,0
410053018,Fonte,50.0,51.0,0.046462825313210485,3.3,1,0
410115813,Amiante_ciment,125.0,58.0,0.046194548904895785,3.4,1,0
410030037,Fonte_grise,150.0,69.0,0.046158742532134055,3.4,1,0
410523209,Fonte_grise,100.0,63.0,0.046158742532134055,3.4,1,0
410014667,Fonte_grise,100.0,69.0,0.0461531151086092,3.4,1,0
410124865,Fonte_grise,80.0,63.0,0.04601505398750305,3.4,1,0
410910039,Fonte_grise,80.0,68.0,0.046013778820633885,3.4,1,0
410508064,Fonte_grise,40.0,69.0,0.04600873403251171,3.4,1,0
410030054,Fonte,100.0,35.0,0.04600873403251171,3.4,1,0
410123263,Plastique,32.0,48.0,0.04592147627845407,3.4,1,0
410532345,Amiante_ciment,125.0,57.0,0.04586892984807491,3.4,1,0
410015745,Plastique,63.0,44.0,0.04581210259348154,3.4,1,0
410109273,Plastique,90.0,48.0,0.04579040817916393,3.4,1,0
410934651,Fonte,300.0,47.0,0.04578120298683643,3.5,1,0
416001368,Plastique,175.0,63.0,0.04569034464657307,3.5,1,0
410026385,Fonte_grise,40.0,69.0,0.04567299094051123,3.5,1,0
410814954,Fonte,300.0,50.0,0.045647773519158365,3.5,1,0
410039942,Fonte_grise,80.0,69.0,0.045647773519158365,3.5,1,0
410085260,Fonte,250.0,48.0,0.045647773519158365,3.5,1,0
410106538,Plastique,51.0,68.0,0.045647773519158365,3.5,1,0
410820549,Fonte,100.0,53.0,0.045647773519158365,3.5,1,0
410815865,Fonte,120.0,53.0,0.045647773519158365,3.5,1,0
410827084,Fonte_grise,80.0,61.0,0.045647773519158365,3.6,1,0
417004021,Plastique,40.0,58.0,0.045647773519158365,3.6,1,0
410530247,Fonte_grise,60.0,43.0,0.045628422126173976,3.6,1,0
410532207,Amiante_ciment,125.0,57.0,0.045418881438672544,3.6,1,0
410820276,Fonte,80.0,53.0,0.04532570727169514,3.6,1,0
410820689,Fonte,100.0,53.0,0.04532433934509754,3.6,1,0
410820203,Plastique,110.0,53.0,0.04532433934509754,3.6,1,0
410015650,Fonte,100.0,54.0,0.04526971727609634,3.7,1,0
410040054,Fonte_grise,60.0,69.0,0.04503622092306614,3.7,1,0
410099406,Plastique,51.0,43.0,0.044988596253097056,3.7,1,0
410929651,Fonte,80.0,48.0,0.044934073463082314,3.7,1,0
410527548,Fonte_grise,100.0,53.0,0.044934073463082314,3.7,1,0
417000466,Fonte_grise,60.0,53.0,0.04483226351439953,3.7,1,0
410042687,Plastique,51.0,43.0,0.044749908801168206,3.7,1,0
410025218,Fonte_grise,200.0,69.0,0.04465587050653994,3.7,1,0
410128358,Fonte_grise,40.0,38.0,0.044610639289021495,3.8,1,0
410527403,Fonte_grise,100.0,53.0,0.044610639289021495,3.8,1,0
410121154,Fonte_grise,100.0,58.0,0.044608299061656,3.8,1,0
410119641,Fonte_grise,150.0,48.0,0.04460473246872425,3.8,1,0
410532413,Plastique,160.0,36.0,0.04454115219414234,3.8,1,0
410105644,Fonte,150.0,48.0,0.04447130300104618,3.8,1,0
410966328,Fonte,150.0,48.0,0.04447130300104618,3.8,1,0
410032525,Fonte_grise,80.0,61.0,0.04447130300104618,3.8,1,0
410011770,Fonte_grise,50.0,69.0,0.04426769278943539,3.9,1,0
410042630,Fonte_grise,150.0,59.0,0.04426769278943539,3.9,1,0
416003855,Plastique,50.0,38.0,0.04426244199275971,3.9,1,0
410963259,Fonte_grise,250.0,59.0,0.04423872716724873,3.9,1,0
410531698,Fonte_grise,60.0,48.0,0.04423872716724873,3.9,1,0
410827640,Fonte_grise,40.0,53.0,0.04423872716724873,3.9,1,0
410073383,Fonte,250.0,48.0,0.04423872716724873,3.9,1,0
414501318,Fonte_grise,60.0,58.0,0.04414786882698536,4.0,1,0
410088849,Fonte,100.0,55.0,0.04400886725634336,4.0,1,0
410827777,Fonte_grise,60.0,53.0,0.04400886725634336,4.0,1,0
410095453,Acier,150.0,53.0,0.04383603855967522,4.0,1,0
410525868,Fonte_grise,125.0,53.0,0.043525027111172676,4.1,1,0
410001940,Fonte,100.0,40.0,0.043422453477978705,4.1,1,0
410941397,Plastique,51.0,39.0,0.04336633943021297,4.1,1,0
410027505,Fonte,150.0,47.0,0.043136118352413176,4.1,1,0
410523897,Fonte,250.0,48.0,0.04306225664913654,4.1,1,0
410113437,Plastique,63.0,48.0,0.04302929975092411,4.1,1,0
417001514,Plastique,63.0,68.0,0.04302929975092411,4.1,1,0
410531890,Plastique,63.0,48.0,0.04302929975092411,4.2,1,0
410079524,Fonte,100.0,53.0,0.042749034240841866,4.2,1,0
410820205,Fonte,100.0,53.0,0.042749034240841866,4.2,1,0
414500018,Plastique,110.0,38.0,0.04272651355713606,4.2,1,0
416002635,Plastique,63.0,53.0,0.04272521696984768,4.2,1,0
410827836,Fonte_grise,100.0,53.0,0.04272521696984768,4.2,1,0
410820827,Fonte,100.0,53.0,0.04272521696984768,4.2,1,0
410103487,Plastique,36.0,48.0,0.04272521696984768,4.2,1,0
410827712,Fonte_grise,80.0,53.0,0.04272521696984768,4.3,1,0
410897233,Fonte_grise,150.0,53.0,0.04272521696984768,4.3,1,0
410820344,Plastique,63.0,53.0,0.04272521696984768,4.3,1,0
410827957,Fonte_grise,100.0,53.0,0.04272521696984768,4.3,1,0
410094476,Fonte,150.0,53.0,0.04258088953793049,4.3,1,0
410024610,Fonte_grise,100.0,56.0,0.04242560006678105,4.3,1,0
414503019,Acier,100.0,49.0,0.04228323213756084,4.4,1,0
410128467,Fonte_grise,100.0,38.0,0.04220133237540722,4.4,1,0
410041291,Fonte_grise,50.0,69.0,0.041901820711791514,4.4,1,0
410802438,Fonte,125.0,50.0,0.041901820711791514,4.4,1,0
410033680,Fonte_grise,100.0,60.0,0.041901820711791514,4.4,1,0
410034901,Fonte,100.0,47.0,0.041901820711791514,4.5,1,0
410859327,Plastique,36.0,60.0,0.041680752858519556,4.5,1,0
410121025,Plastique,63.0,73.0,0.041675773821771143,4.5,1,0
410962794,Plastique,51.0,58.0,0.04165055640041828,4.5,1,0
416002433,Fonte_grise,250.0,59.0,0.041548746451735494,4.5,1,0
410531694,Plastique,63.0,48.0,0.041548746451735494,4.5,1,0
410123309,Fonte_grise,100.0,48.0,0.041548746451735494,4.5,1,0
410917294,Fonte_grise,80.0,48.0,0.041548746451735494,4.6,1,0
410083463,Fonte_grise,225.0,58.0,0.041548746451735494,4.6,1,0
410076895,Fonte,100.0,44.0,0.041548746451735494,4.6,1,0
410116122,Plastique,40.0,48.0,0.04133998788893223,4.6,1,0
416002311,Plastique,110.0,58.0,0.04133998788893223,4.6,1,0
410067247,Fonte_grise,200.0,58.0,0.04132712222635746,4.7,1,0
410126591,Plastique,51.0,48.0,0.041319836676120755,4.7,1,0
414502111,Amiante_ciment,150.0,58.0,0.04118812065571546,4.7,1,0
410019715,Fonte,300.0,51.0,0.041124449018388985,4.7,1,0
417001957,Fonte_grise,60.0,43.0,0.040948078595101835,4.7,1,0
410029677,Fonte_grise,100.0,113.0,0.0409361744299531,4.7,1,0
410098926,Fonte_grise,100.0,43.0,0.040731217712163925,4.7,1,0
410808628,Fonte_grise,100.0,53.0,0.04072535019367933,4.8,1,0
410118031,Plastique,25.0,38.0,0.040675670653581616,4.8,1,0
410003068,Fonte_grise,150.0,69.0,0.04038960710167885,4.8,1,0
410117051,Fonte_grise,80.0,48.0,0.04031471014022827,4.8,1,0
410120882,Plastique,63.0,38.0,0.04031471014022827,4.8,1,0
417000127,Fonte_grise,60.0,43.0,0.04027407597750425,4.8,1,0
410820698,Fonte,80.0,53.0,0.03994723670184612,4.9,1,0
410949022,Fonte_grise,40.0,53.0,0.03982647769153118,5.0,1,0
410820577,Fonte,100.0,53.0,0.03982647769153118,5.0,1,0
410820904,Plastique,110.0,53.0,0.03982647769153118,5.0,1,0
410820252,Fonte,100.0,53.0,0.03982647769153118,5.0,1,0
410121057,Plastique,63.0,48.0,0.03982647769153118,5.0,1,0
410082316,Fonte,150.0,47.0,0.03957080021500588,5.0,1,0
410524347,Fonte_grise,150.0,38.0,0.039562197774648665,5.0,1,0
412000329,Fonte,60.0,43.0,0.03951157918199897,5.0,1,0
410123065,Fonte_grise,250.0,48.0,0.039282601699233054,5.0,1,0
410820374,Fonte,100.0,53.0,0.039282601699233054,5.0,1,0
410124693,Plastique,32.0,37.0,0.039179083332419394,5.1,1,0
410088713,Fonte_grise,60.0,68.0,0.03916001487523317,5.1,1,0
410827797,Fonte_grise,100.0,53.0,0.039003081433475015,5.1,1,0
410827800,Fonte_grise,100.0,53.0,0.039003081433475015,5.1,1,0
410092708,Plastique,40.0,67.0,0.039003081433475015,5.1,1,0
414502849,Plastique,63.0,38.0,0.03899763599038124,5.1,1,0
410127719,Fonte_grise,150.0,38.0,0.03899174127727747,5.1,1,0
414502955,Plastique,63.0,38.0,0.03898532707244158,5.1,1,0
410026897,Fonte_grise,60.0,69.0,0.03896619249135256,5.1,1,0
414501224,Fonte_grise,100.0,48.0,0.03895408995449543,5.1,1,0
410117221,Fonte_grise,150.0,68.0,0.0387966938316822,5.1,1,0
417001825,Plastique,51.0,39.0,0.0387279998511076,5.2,1,0
410527899,Fonte_grise,150.0,53.0,0.0387279998511076,5.2,1,0
410095380,Fonte,200.0,53.0,0.0387279998511076,5.2,1,0
410526623,Fonte_grise,100.0,53.0,0.0387279998511076,5.2,1,0
410531974,Fonte_grise,125.0,48.0,0.038650007173419,5.3,1,0
410942331,Plastique,110.0,48.0,0.038650007173419,5.3,1,0
410121020,Fonte_grise,100.0,48.0,0.038650007173419,5.3,1,0
415500068,Amiante_ciment,350.0,48.0,0.03860343359410763,5.3,1,0
410910158,Fonte_grise,100.0,68.0,0.03830499900504947,5.3,1,0
410126805,Fonte_grise,80.0,48.0,0.038177638128399846,5.3,1,0
414502377,Acier,60.0,49.0,0.03800455518066883,5.4,1,0
410118461,Fonte_grise,150.0,53.0,0.037904603593051436,5.4,1,0
410118147,Fonte_grise,100.0,53.0,0.037904603593051436,5.4,1,0
410038543,Fonte_grise,80.0,59.0,0.037873555347323416,5.4,1,0
410827883,Plastique,63.0,58.0,0.037873555347323416,5.5,1,0
414501681,Fonte_grise,40.0,58.0,0.03782975897192955,5.5,1,0
410029247,Fonte_grise,150.0,69.0,0.03764685355126858,5.5,1,0
410530829,Plastique,110.0,59.0,0.037635363265872,5.5,1,0
410126785,Fonte_grise,300.0,48.0,0.03757388386875391,5.5,1,0
410827962,Fonte_grise,150.0,53.0,0.03757388386875391,5.5,1,0
410098978,Fonte_grise,100.0,43.0,0.03753781225532293,5.5,1,0
410124155,Plastique,90.0,43.0,0.037494015879929066,5.5,1,0
410011147,Fonte_grise,150.0,69.0,0.03749086782336235,5.5,1,0
410121042,Plastique,53.0,73.0,0.03728318363428116,5.6,1,0
412000709,Amiante_ciment,350.0,58.0,0.0371433587744832,5.6,1,0
410102958,Amiante_ciment,350.0,58.0,0.0371433587744832,5.6,1,0
412002229,Plastique,51.0,38.0,0.0370564104989171,5.6,1,0
410526563,Plastique,51.0,53.0,0.03705398738384247,5.6,1,0
410092151,Fonte,80.0,56.0,0.036944149434566496,5.6,1,0
410109278,Plastique,125.0,48.0,0.03669708482921123,5.6,1,0
410956879,Plastique,63.0,48.0,0.036664127930998804,5.7,1,0
410820547,Plastique,40.0,48.0,0.03645889274775982,5.7,1,0
410101245,Plastique,36.0,58.0,0.036360045149922374,5.7,1,0
410117978,Acier,100.0,38.0,0.036287283152341844,5.7,1,0
410009707,Fonte_grise,80.0,61.0,0.036287283152341844,5.7,1,0
410514411,Fonte_grise,100.0,69.0,0.036287283152341844,5.7,1,0
417003355,Plastique,51.0,18.0,0.036271097138524055,5.7,1,0
410517516,Fonte_grise,300.0,69.0,0.036267931759357455,5.7,1,0
410108142,Fonte,250.0,48.0,0.036024302057921884,5.8,1,0
415501133,Amiante_ciment,125.0,48.0,0.03599024750292301,5.8,1,0
410036255,Plastique,51.0,44.0,0.03596384897828102,5.8,1,0
410128093,Fonte_grise,40.0,38.0,0.035896143317222594,5.8,1,0
410005667,Fonte_grise,100.0,69.0,0.03583885356783867,5.8,1,0
410109241,Plastique,125.0,48.0,0.0358292605727911,5.8,1,0
410920392,Fonte_grise,100.0,48.0,0.0358292605727911,5.8,1,0
410961937,Fonte,100.0,33.0,0.035715020075440404,5.8,1,0
410016503,Fonte_grise,150.0,59.0,0.035498540848493576,5.9,1,0
414000358,Fonte_grise,100.0,73.0,0.03549351748079062,5.9,1,0
410531653,Plastique,50.0,48.0,0.035281234234571454,5.9,1,0
410531681,Plastique,50.0,48.0,0.035281234234571454,5.9,1,0
410066961,Fonte_grise,80.0,38.0,0.03517201170325279,6.0,1,0
410114763,Fonte,100.0,48.0,0.03500586431473494,6.0,1,0
410529930,Fonte_grise,100.0,43.0,0.03490720242261887,6.0,1,0
410117165,Fonte_grise,100.0,48.0,0.03487823680043221,6.0,1,0
417003202,Fonte_grise,100.0,53.0,0.03487823680043221,6.1,1,0
410085398,Fonte,50.0,48.0,0.03486805045977235,6.1,1,0
410109275,Plastique,90.0,48.0,0.03418042100965977,6.2,1,0
410526055,Fonte_grise,100.0,53.0,0.0341257244348526,6.2,1,0
410041932,Fonte,150.0,47.0,0.0341257244348526,6.2,1,0
410066777,Fonte_grise,100.0,58.0,0.0341257244348526,6.2,1,0
410128004,Fonte_grise,80.0,38.0,0.0341052720323205,6.2,1,0
410853930,Fonte_grise,150.0,38.0,0.03409406412392855,6.2,1,0
410128383,Amiante_ciment,60.0,58.0,0.033949538320302966,6.2,1,0
410515402,Fonte,60.0,48.0,0.033897651545703414,6.2,1,0
410532365,Amiante_ciment,80.0,57.0,0.03388459682464599,6.2,1,0
417001086,Plastique,51.0,39.0,0.03378998134285212,6.3,1,0
410025887,Fonte,100.0,53.0,0.033405096363276245,6.3,1,0
410800159,Plastique,25.0,32.0,0.03339849542826414,6.3,1,0
410108896,Fonte,100.0,50.0,0.03336472660303116,6.4,1,0
410003192,Fonte_grise,80.0,69.0,0.03336472660303116,6.4,1,0
410820591,Fonte,200.0,53.0,0.03336472660303116,6.4,1,0
410118285,Fonte_grise,60.0,53.0,0.033302403055131435,6.4,1,0
410915247,Fonte_grise,80.0,68.0,0.03297168333083391,6.5,1,0
410913161,Fonte_grise,100.0,68.0,0.03294172575697303,6.5,1,0
410124730,Fonte_grise,80.0,41.0,0.03261221423745155,6.5,1,0
410113267,Plastique,53.0,48.0,0.03258176259696484,6.6,1,0
410530659,Plastique,63.0,68.0,0.03254133034497499,6.6,1,0
412001696,Plastique,36.0,47.0,0.03242366733029485,6.6,1,0
410038443,Fonte_grise,150.0,69.0,0.03237108662724495,6.6,1,0
410006454,Fonte_grise,100.0,69.0,0.03197949752211571,6.7,1,0
410052278,Fonte_grise,100.0,69.0,0.03197949752211571,6.8,1,0
410011178,Fonte_grise,150.0,69.0,0.03197949752211571,6.8,1,0
410031065,Fonte_grise,150.0,69.0,0.031919272243976594,6.8,1,0
410128072,Plastique,50.0,38.0,0.03188647758215666,6.8,1,0
410851505,Plastique,50.0,38.0,0.031672720052301886,6.8,1,0
410127760,Plastique,50.0,38.0,0.031672720052301886,6.8,1,0
410518496,Fonte,150.0,55.0,0.03160721901804209,6.9,1,0
410024659,Fonte_grise,80.0,56.0,0.031539431773126125,6.9,1,0
410021739,Fonte_grise,150.0,69.0,0.031527237966656685,6.9,1,0
414502215,Fonte_grise,100.0,38.0,0.03147148080170155,6.9,1,0
410532239,Amiante_ciment,125.0,57.0,0.03145809825509786,6.9,1,0
410532140,Plastique,75.0,36.0,0.031453074887394905,6.9,1,0
410093892,Plastique,51.0,38.0,0.03145128767937422,6.9,1,0
410121633,Fonte_grise,80.0,20.0,0.03119532484561205,7.0,1,0
410525523,Fonte_grise,100.0,53.0,0.030982039868831635,7.0,1,0
410125880,Fonte_grise,200.0,33.0,0.030982039868831635,7.0,1,0
410800645,Fonte,150.0,43.0,0.03089124206453562,7.1,1,0
410037565,Fonte_grise,300.0,62.0,0.03076680824160576,7.1,1,0
410072516,Fonte,60.0,38.0,0.030762060079723597,7.1,1,0
410032226,Fonte_grise,125.0,88.0,0.03048635683953762,7.1,1,0
415500980,Acier,150.0,51.0,0.03047323701903224,7.1,1,0
410109263,Plastique,90.0,48.0,0.03046598732471466,7.1,1,0
410100932,Plastique,36.0,58.0,0.03043300178833306,7.2,1,0
410128177,Plastique,63.0,38.0,0.03042556568980217,7.2,1,0
410120467,Plastique,32.0,38.0,0.03040103241801262,7.2,1,0
410100261,Fonte_grise,100.0,38.0,0.03034400176256895,7.2,1,0
410124710,Fonte_grise,150.0,31.0,0.030337218940258027,7.2,1,0
410126811,Fonte_grise,80.0,48.0,0.0303065937012434,7.2,1,0
414501437,Fonte_grise,100.0,68.0,0.030135267600417136,7.2,1,0
410125814,Fonte_grise,150.0,37.0,0.030130244232714175,7.3,1,0
410820561,Fonte,200.0,53.0,0.029938663821667433,7.3,1,0
410027920,Fonte_grise,80.0,69.0,0.029713474959135056,7.4,1,0
410856479,Fonte_grise,150.0,69.0,0.029642591066658498,7.4,1,0
416005035,Fonte_grise,125.0,48.0,0.029642591066658498,7.4,1,0
410123210,Fonte_grise,100.0,48.0,0.029642591066658498,7.4,1,0
410820087,Fonte_grise,40.0,69.0,0.02962621720507741,7.4,1,0
410530889,Fonte,100.0,59.0,0.029508942179381846,7.4,1,0
410532164,Plastique,160.0,21.0,0.029481605626642704,7.4,1,0
410128246,Plastique,50.0,38.0,0.029481605626642704,7.4,1,0
410108485,Fonte,150.0,48.0,0.02937773186713457,7.5,1,0
410120830,Plastique,93.0,38.0,0.029325253888964654,7.5,1,0
410908989,Fonte_grise,100.0,68.0,0.029290474113076927,7.5,1,0
410036421,Fonte,300.0,48.0,0.028933913353830575,7.6,1,0
410512491,Fonte,100.0,54.0,0.028890078701078892,7.6,1,0
410103260,Amiante_ciment,350.0,58.0,0.02883830722421408,7.6,1,0
417003239,Plastique,40.0,48.0,0.028610724583268167,7.7,1,0
410120417,Fonte_grise,100.0,38.0,0.02857274152338505,7.7,1,0
410810781,Fonte_grise,40.0,69.0,0.02855539247393608,7.7,1,0
410067622,Fonte_grise,100.0,48.0,0.028513064980506896,7.7,1,0
410136258,Fonte_grise,80.0,43.0,0.028513064980506896,7.7,1,0
410053078,Plastique,51.0,58.0,0.028420886117964984,7.8,1,0
417003054,Fonte,125.0,59.0,0.02840559892356396,7.8,1,0
410052280,Fonte_grise,100.0,69.0,0.028274872899055482,7.8,1,0
410908932,Fonte_grise,150.0,58.0,0.028274872899055482,7.8,1,0
410531697,Fonte_grise,100.0,48.0,0.028274872899055482,7.8,1,0
410022718,Fonte_grise,40.0,69.0,0.028274872899055482,7.8,1,0
410017949,Fonte_grise,80.0,69.0,0.028223615884780884,7.8,1,0
410070912,Plastique,50.0,25.0,0.028221797943115235,7.8,1,0
410042186,Plastique,50.0,58.0,0.02814945038408041,7.8,1,0
410095295,Fonte,60.0,38.0,0.027649405878037214,7.9,1,0
416002483,Plastique,200.0,41.0,0.027607668563723563,7.9,1,0
410913271,Fonte_grise,40.0,68.0,0.027604978531599045,8.0,1,0
414501710,Fonte_grise,100.0,38.0,0.027591054514050483,8.0,1,0
410040395,Fonte,100.0,42.0,0.027522360533475877,8.0,1,0
410067606,Fonte_grise,100.0,42.0,0.027405696362257002,8.0,1,0
414502411,Acier,150.0,49.0,0.027359868958592416,8.0,1,0
410115936,Fonte_grise,80.0,44.0,0.027303637564182283,8.0,1,0
410531243,Fonte,100.0,59.0,0.027265625819563866,8.1,1,0
410124878,Fonte_grise,80.0,63.0,0.02725990433245897,8.1,1,0
410942937,Fonte,300.0,55.0,0.027245396841317417,8.1,1,0
410051649,Fonte_grise,100.0,69.0,0.02718661744147539,8.1,1,0
410051772,Fonte_grise,100.0,69.0,0.027115733548998832,8.1,1,0
410802699,Fonte,300.0,54.0,0.02699955478310585,8.2,1,0
410119279,Plastique,32.0,48.0,0.02697297986596823,8.2,1,0
410900040,Acier,200.0,49.0,0.0269608604721725,8.2,1,0
410117990,Acier,100.0,38.0,0.02692416124045849,8.2,1,0
410529129,Plastique,63.0,53.0,0.02683235500007868,8.2,1,0
410903402,Fonte_grise,80.0,113.0,0.026830296870321034,8.2,1,0
410090314,Fonte_grise,80.0,48.0,0.026698964275419713,8.2,1,0
417004119,Plastique,63.0,53.0,0.026698964275419713,8.3,1,0
410087126,Plastique,51.0,52.0,0.02667885310947895,8.3,1,0
410014718,Fonte,100.0,35.0,0.02657655393704772,8.3,1,0
410035671,Fonte,300.0,54.0,0.026363221183419227,8.4,1,0
410124609,Fonte_grise,150.0,37.0,0.026363221183419227,8.4,1,0
410018393,Fonte_grise,80.0,61.0,0.026247042417526244,8.4,1,0
410073195,Fonte,60.0,38.0,0.026135895680636168,8.6,1,0
410102985,Amiante_ciment,100.0,48.0,0.026130378246307373,8.6,1,0
410092149,Fonte,100.0,56.0,0.026122407987713814,8.6,1,0
416000599,Plastique,75.0,6.0,0.02600364778190851,8.6,1,0
410031415,Fonte_grise,300.0,69.0,0.02591923950240016,8.6,1,0
410030309,Fonte_grise,150.0,69.0,0.025845438800752164,8.7,1,0
410832160,Fonte_grise,80.0,48.0,0.025670171715319157,8.8,1,0
410090602,Plastique,36.0,46.0,0.025585849490016698,8.8,1,0
410069618,Fonte,250.0,48.0,0.025509695708751678,8.8,1,0
410924545,Fonte_grise,150.0,69.0,0.025509695708751678,8.8,1,0
410116454,Fonte,60.0,13.0,0.025502088014036417,8.8,1,0
410033653,Fonte_grise,150.0,60.0,0.02542364615947008,8.9,1,0
410955502,Fonte_grise,150.0,69.0,0.02542364615947008,8.9,1,0
410039392,Fonte_grise,100.0,69.0,0.025182518549263476,9.0,1,0
410827727,Fonte_grise,100.0,53.0,0.02509292643517256,9.1,1,0
410121990,Fonte_grise,125.0,73.0,0.025087903067469598,9.1,1,0
410827629,Fonte_grise,80.0,53.0,0.025087903067469598,9.1,1,0
410111783,Plastique,53.0,38.0,0.025087369279935955,9.2,1,0
410822696,Fonte,150.0,1.0,0.02503181090578437,9.2,1,0
410529725,Fonte_grise,100.0,53.0,0.024857068713754416,9.2,1,0
410025161,Fonte_grise,150.0,69.0,0.024846775457262993,9.3,1,0
410125622,Plastique,32.0,41.0,0.024846775457262993,9.3,1,0
410035449,Plastique,51.0,43.0,0.024757183343172073,9.3,1,0
410003863,Fonte_grise,80.0,69.0,0.024757183343172073,9.3,1,0
410111137,Fonte,200.0,44.0,0.024757183343172073,9.3,1,0
410117940,Plastique,25.0,38.0,0.024697669176384808,9.3,1,0
416003401,Fonte,100.0,53.0,0.024575390573590993,9.4,1,0
410531057,Fonte,100.0,59.0,0.02441908847540617,9.5,1,0
410078814,Fonte,100.0,40.0,0.024405146855860947,9.5,1,0
410914890,Fonte_grise,80.0,68.0,0.024400622583925724,9.5,1,0
410032204,Fonte_grise,125.0,88.0,0.02433628272265196,9.5,1,0
410105801,Fonte,100.0,48.0,0.02431053137406707,9.6,1,0
410032352,Plastique,63.0,58.0,0.02423964748159051,9.6,1,0
416002196,Fonte_grise,130.0,38.0,0.024130182154476643,9.7,1,0
410100254,Fonte_grise,150.0,38.0,0.024102920293807985,9.7,1,0
410126125,Fonte,300.0,42.0,0.024069403763860464,9.7,1,0
410128330,Plastique,50.0,38.0,0.023855064995586872,9.8,1,0
410900552,Fonte,150.0,55.0,0.023822878208011388,9.8,1,0
410529466,Fonte_grise,200.0,53.0,0.023822878208011388,9.8,1,0
410030110,Fonte,100.0,48.0,0.023822878208011388,9.8,1,0
410528598,Fonte_grise,200.0,53.0,0.023822878208011388,9.8,1,0
410528326,Fonte_grise,200.0,53.0,0.023822878208011388,9.8,1,0
410507819,Fonte,150.0,51.0,0.023802767042070627,9.8,1,0
412002038,Acier,600.0,53.0,0.023793471790850163,9.8,1,0
410858448,Acier,600.0,53.0,0.023793471790850163,9.8,1,0
410096732,Acier,600.0,53.0,0.023793471790850163,9.8,1,0
410118030,Plastique,50.0,38.0,0.02373770233243704,9.9,1,0
410949749,Acier,60.0,43.0,0.023704927414655685,9.9,1,0
410034140,Fonte_grise,250.0,69.0,0.023647456988692285,9.9,1,0
410117985,Plastique,63.0,38.0,0.02363142352551222,9.9,1,0
410021941,Fonte,150.0,54.0,0.023581750597804783,9.9,1,0
410111357,Plastique,78.0,38.0,0.023557709902524947,9.9,1,0
410042264,Fonte_grise,100.0,69.0,0.023487135116010905,10.0,1,0
410064905,Fonte_grise,100.0,69.0,0.023487135116010905,10.0,1,0
410090604,Plastique,36.0,46.0,0.023487135116010905,10.1,1,0
410113196,Acier,125.0,38.0,0.023480481933802366,10.1,1,0
410859316,Plastique,36.0,60.0,0.023406982608139514,10.1,1,0
410966687,Fonte_grise,250.0,56.0,0.023400844633579256,10.1,1,0
410030938,Fonte_grise,60.0,69.0,0.0232460075058043,10.2,1,0
414502925,Fonte_grise,125.0,50.0,0.0232460075058043,10.2,1,0
410531117,Fonte,100.0,59.0,0.02314377035945654,10.2,1,0
416004099,Plastique,51.0,48.0,0.02306510154157877,10.2,1,0
410077634,Fonte,150.0,53.0,0.023050254676491022,10.2,1,0
410108340,Plastique,51.0,40.0,0.023050254676491022,10.2,1,0
410092979,Plastique,32.0,38.0,0.022902907244861125,10.3,1,0
410808829,Plastique,50.0,23.0,0.022723589232191442,10.3,1,0
410069453,Fonte,150.0,48.0,0.02271451158449054,10.3,1,0
410052989,Fonte,100.0,42.0,0.022657085675746202,10.4,1,0
412002207,Plastique,51.0,47.0,0.022653684346005322,10.4,1,0
410008653,Fonte_grise,80.0,61.0,0.02264833226799965,10.4,1,0
417004045,Fonte_grise,150.0,59.0,0.022577448375523092,10.4,1,0
410512592,Fonte,150.0,42.0,0.022540468070656062,10.5,1,0
416003336,Acier,100.0,38.0,0.022531668096780776,10.5,1,0
410017749,Fonte_grise,250.0,56.0,0.022464273124933244,10.5,1,0
410031158,Fonte_grise,40.0,69.0,0.022183999698609114,10.6,1,0
410067610,Fonte_grise,100.0,42.0,0.021956941951066254,10.7,1,0
410089642,Plastique,51.0,33.0,0.021856960747390984,10.7,1,0
410122727,Plastique,36.0,53.0,0.021720400592312217,10.8,1,0
410529463,Fonte_grise,80.0,53.0,0.021704684011638165,10.8,1,0
410509617,Fonte_grise,300.0,38.0,0.0216989541426301,10.8,1,0
412001698,Plastique,32.0,47.0,0.0216989541426301,10.8,1,0
410070596,Fonte,300.0,37.0,0.02151603754609823,10.9,1,0
410125568,Fonte_grise,80.0,43.0,0.021489192917943,10.9,1,0
410123826,Fonte_grise,150.0,48.0,0.021489192917943,10.9,1,0
410112562,Fonte_grise,80.0,48.0,0.021489192917943,11.0,1,0
415501006,Fonte_grise,80.0,58.0,0.021467076055705546,11.0,1,0
410121268,Fonte_grise,100.0,58.0,0.021371274208649992,11.0,1,0
410964723,Fonte_grise,100.0,69.0,0.02133401148021221,11.0,1,0
410037696,Fonte,300.0,48.0,0.02133401148021221,11.0,1,0
410126707,Fonte_grise,150.0,48.0,0.021248065307736395,11.1,1,0
410518280,Plastique,63.0,47.0,0.021248065307736395,11.1,1,0
410842049,Fonte_grise,100.0,48.0,0.02109288387000561,11.1,1,0
410078673,Fonte,100.0,40.0,0.021047564316540958,11.1,1,0
410113231,Fonte_grise,125.0,28.0,0.020952639728784563,11.2,1,0
410128075,Fonte_grise,135.0,38.0,0.020938569866120815,11.2,1,0
416001000,Fonte_grise,80.0,68.0,0.020806065294891596,11.3,1,0
410833684,Fonte_grise,150.0,69.0,0.020716569386422634,11.3,1,0
410122562,Plastique,51.0,53.0,0.02071182122454047,11.3,1,0
410524401,Fonte_grise,350.0,43.0,0.020631668716669084,11.3,1,0
410530891,Fonte,150.0,59.0,0.020581732410937546,11.4,1,0
410800669,Fonte_grise,200.0,28.0,0.02042971197515726,11.4,1,0
410092366,Fonte,150.0,28.0,0.020283289719372988,11.5,1,0
410099158,Fonte_grise,100.0,43.0,0.02004940006881952,11.6,1,0
410121873,Fonte_grise,80.0,43.0,0.02004940006881952,11.6,1,0
410098032,Fonte,150.0,38.0,0.02003271337598562,11.6,1,0
412001376,Fonte,200.0,36.0,0.01993248434737325,11.6,1,0
414000645,Fonte_grise,100.0,43.0,0.019894218631088735,11.6,1,0
417000114,Plastique,51.0,53.0,0.01985581824555993,11.7,1,0
410032294,Fonte_grise,100.0,69.0,0.019647297356277703,11.8,1,0
410027680,Fonte_grise,100.0,69.0,0.019647297356277703,11.8,1,0
410937024,Fonte_grise,100.0,69.0,0.019647297356277703,11.9,1,0
410024421,Fonte,100.0,49.0,0.01964005595073104,11.9,1,0
410515537,Fonte,250.0,48.0,0.019602748099714518,11.9,1,0
410103824,Fonte,80.0,23.0,0.019567791000008584,11.9,1,0
410021912,Fonte,100.0,44.0,0.019492115918546916,11.9,1,0
410110938,Fonte,60.0,49.0,0.019447566661983728,12.0,1,0
413506364,Fonte_grise,150.0,81.0,0.019437054824084043,12.0,1,0
410100171,Fonte_grise,60.0,58.0,0.01942556519061327,12.0,1,0
410919032,Fonte,100.0,48.0,0.019350215699523686,12.0,1,0
410908983,Fonte_grise,100.0,68.0,0.019350215699523686,12.0,1,0
410106052,Plastique,90.0,47.0,0.0192723223939538,12.0,1,0
410107738,Fonte,200.0,43.0,0.019242621958255768,12.1,1,0
410139956,Plastique,40.0,68.0,0.01923689846880734,12.1,1,0
410033875,Fonte_grise,80.0,56.0,0.01921434048563242,12.1,1,0
410105821,Fonte,60.0,48.0,0.019064538832753896,12.2,1,0
410023009,Fonte_grise,60.0,69.0,0.01903348253108561,12.2,1,0
413506612,Fonte_grise,80.0,56.0,0.018985332176089286,12.2,1,0
410919818,Fonte_grise,125.0,58.0,0.01896061999723315,12.2,1,0
416000778,Fonte,300.0,6.0,0.018917482485994695,12.3,1,0
410036770,Fonte,150.0,41.0,0.018797378707677125,12.3,1,0
410940168,Fonte,125.0,50.0,0.018779351841658354,12.3,1,0
410805830,Fonte_grise,300.0,56.0,0.01874420456588268,12.4,1,0
416002396,Fonte,100.0,53.0,0.018672207649797202,12.4,1,0
410096722,Acier,600.0,53.0,0.018612507078796626,12.4,1,0
410099196,Fonte_grise,150.0,43.0,0.018599359411746265,12.4,1,0
416001302,Fonte_grise,125.0,38.0,0.018569952994585037,12.4,1,0
417003287,Fonte,150.0,59.0,0.018554501654580235,12.5,1,0
414001649,Fonte_grise,150.0,43.0,0.01853822423145175,12.5,1,0
410082958,Fonte_grise,250.0,68.0,0.01853292491286993,12.5,1,0
410532103,Fonte_grise,60.0,48.0,0.01836716737598181,12.6,1,0
410124497,Fonte_grise,150.0,40.0,0.018330109491944312,12.6,1,0
410848152,Fonte,100.0,22.0,0.018241142574697732,12.7,1,0
417002250,Fonte_grise,80.0,58.0,0.018161935918033122,12.7,1,0
410511029,Fonte_grise,400.0,64.0,0.018149095959961413,12.7,1,0
410124174,Acier,60.0,43.0,0.01813027560710907,12.7,1,0
410090603,Plastique,25.0,46.0,0.018061240203678608,12.7,1,0
410852226,Fonte_grise,100.0,48.0,0.017920808307826518,12.8,1,0
414501417,Fonte_grise,100.0,38.0,0.017920251563191415,12.8,1,0
410034171,Fonte_grise,100.0,56.0,0.0178312161937356,12.9,1,0
410126247,Fonte_grise,60.0,48.0,0.01782619282603264,12.9,1,0
410111833,Fonte_grise,100.0,48.0,0.01782619282603264,12.9,1,0
410069486,Plastique,32.0,48.0,0.01779539082199335,12.9,1,0
410070087,Fonte,125.0,38.0,0.01772004133090377,13.0,1,0
410122043,Fonte_grise,150.0,73.0,0.017638622503727674,13.0,1,0
416004002,Fonte_grise,60.0,38.0,0.017494704714044927,13.1,1,0
410108128,Fonte,250.0,48.0,0.017475361935794353,13.1,1,0
410912782,Fonte_grise,150.0,58.0,0.01746835568919778,13.1,1,0
410845864,Fonte_grise,150.0,69.0,0.017459576949477196,13.1,1,0
410528815,Fonte_grise,100.0,53.0,0.017330445628613234,13.2,1,0
410100871,Fonte_grise,100.0,58.0,0.01708905673585832,13.3,1,0
410931553,Fonte,150.0,12.0,0.017019603680819274,13.4,1,0
416002065,Acier,400.0,53.0,0.016998167242854835,13.4,1,0
410022322,Fonte_grise,60.0,113.0,0.016993996035307646,13.4,1,0
410941396,Plastique,51.0,39.0,0.016966227535158397,13.4,1,0
416502089,Acier,93.0,44.0,0.016922351159155368,13.4,1,0
410949748,Acier,60.0,43.0,0.016879525780677796,13.4,1,0
410115907,Plastique,51.0,58.0,0.016717119701206686,13.5,1,0
410051960,Plastique,63.0,69.0,0.016681223548948763,13.5,1,0
410910096,Fonte_grise,60.0,68.0,0.016610968206077815,13.6,1,0
410532293,Plastique,32.0,57.0,0.01654880605638027,13.6,1,0
410140008,Fonte_grise,100.0,73.0,0.016481721960008144,13.6,1,0
410121955,Plastique,32.0,50.0,0.01643789717927575,13.7,1,0
410530794,Fonte_grise,150.0,59.0,0.016344294603914022,13.7,1,0
410006514,Fonte_grise,100.0,65.0,0.016225424874573947,13.8,1,0
410127870,Fonte_grise,125.0,38.0,0.016154980473220348,13.9,1,0
417000465,Fonte_grise,60.0,53.0,0.016149727627635002,13.9,1,0
410820918,Plastique,63.0,28.0,0.016122977994382382,13.9,1,0
410532191,Amiante_ciment,60.0,57.0,0.015984297264367342,14.0,1,0
410122726,Plastique,32.0,53.0,0.015984297264367342,14.0,1,0
410113539,Plastique,32.0,48.0,0.015975684113800525,14.0,1,0
410051707,Fonte_grise,40.0,69.0,0.015970100229606033,14.0,1,0
410907767,Fonte_grise,100.0,69.0,0.01596126677468419,14.0,1,0
410128244,Fonte_grise,80.0,38.0,0.015935580618679522,14.0,1,0
410531114,Fonte,100.0,59.0,0.015872273314744233,14.1,1,0
417001653,Fonte,150.0,59.0,0.015813828399404883,14.1,1,0
410115947,Plastique,110.0,48.0,0.015710331918671726,14.2,1,0
410027044,Plastique,51.0,45.0,0.015698620397597552,14.2,1,0
413501383,Fonte,40.0,46.0,0.015687215607613325,14.2,1,0
410094456,Acier,400.0,53.0,0.015667104441672564,14.2,1,0
410855616,Fonte_grise,250.0,53.0,0.015452801343053579,14.4,1,0
410809015,Fonte,100.0,52.0,0.015401538740843535,14.4,1,0
416001934,Plastique,63.0,73.0,0.015391678642481565,14.4,1,0
414501916,Fonte_grise,100.0,28.0,0.01534589920192957,14.5,1,0
410091045,Fonte,150.0,22.0,0.01533644637092948,14.5,1,0
410942597,Fonte_grise,50.0,69.0,0.015330282179638744,14.5,1,0
410531734,Fonte_grise,100.0,48.0,0.015187260694801807,14.6,1,0
413503568,Fonte_grise,80.0,68.0,0.015116351749747991,14.6,1,0
410035509,Beton,600.0,53.0,0.015104882139712571,14.6,1,0
410005237,Fonte_grise,100.0,69.0,0.015086945332586765,14.6,1,0
410106766,Fonte_grise,100.0,43.0,0.015086945332586765,14.6,1,0
410041854,Fonte_grise,100.0,69.0,0.015086945332586765,14.6,1,0
416004398,Fonte_grise,100.0,38.0,0.015086945332586765,14.6,1,0
410112424,Fonte_grise,80.0,48.0,0.014997829124331475,14.7,1,0
410041527,Fonte,100.0,47.0,0.014985408913344146,14.7,1,0
410956233,Fonte_grise,250.0,60.0,0.014945780020207166,14.8,1,0
416000926,Plastique,63.0,8.0,0.014926125947386026,14.8,1,0
410962139,Plastique,50.0,26.0,0.014903995394706725,14.8,1,0
410812428,Fonte,150.0,53.0,0.014760275837033987,14.9,1,0
410821093,Fonte,100.0,53.0,0.014673464465886354,15.0,1,0
410009048,Fonte_grise,200.0,69.0,0.014673464465886354,15.0,1,0
416002300,Fonte,100.0,53.0,0.014673464465886354,15.0,1,0
410139089,Plastique,32.0,48.0,0.01457623317837715,15.1,1,0
410034786,Fonte_grise,300.0,57.0,0.014518021745607257,15.2,1,0
410064642,Fonte_grise,200.0,67.0,0.014506134297698736,15.2,1,0
410532408,Amiante_ciment,80.0,36.0,0.01445746272802353,15.2,1,0
410001510,Fonte,100.0,32.0,0.014454871695488692,15.2,1,0
410513999,Acier,110.0,49.0,0.01439278433099389,15.2,1,0
410531633,Autre,110.0,48.0,0.01435990291647613,15.3,1,0
410016343,Fonte,100.0,50.0,0.014343728218227625,15.3,1,0
410094462,Fonte,500.0,53.0,0.014337014872580767,15.3,1,0
410524465,Fonte,80.0,41.0,0.014337014872580767,15.3,1,0
410046159,Fonte_grise,600.0,58.0,0.014337014872580767,15.3,1,0
410015715,Fonte,100.0,43.0,0.014337014872580767,15.3,1,0
416000798,Plastique,110.0,6.0,0.014281292166560888,15.4,1,0
410802527,Fonte,80.0,48.0,0.014281292166560888,15.4,1,0
410124248,Fonte_grise,150.0,73.0,0.01418449222110212,15.4,1,0
410125446,Plastique,90.0,58.0,0.014127783896401524,15.5,1,0
410028125,Fonte,150.0,50.0,0.014057041238993406,15.6,1,0
410022403,Fonte_grise,300.0,69.0,0.013884431542828679,15.7,1,0
410071487,Plastique,36.0,48.0,0.013857765588909388,15.7,1,0
410009664,Fonte,200.0,27.0,0.01382262697443366,15.8,1,0
410111740,Fonte_grise,150.0,48.0,0.013803609646856785,15.8,1,0
410099386,Acier,150.0,43.0,0.013631475437432528,15.9,1,0
410026216,Fonte,100.0,33.0,0.013612571265548467,16.0,1,0
410820552,Fonte,100.0,53.0,0.013571354700252414,16.0,1,0
410919031,Fonte,100.0,48.0,0.0135643913410604,16.0,1,0
410827756,Plastique,90.0,58.0,0.013544355053454638,16.1,1,0
410803579,Fonte_grise,150.0,113.0,0.013407339807599783,16.2,1,0
410070919,Fonte_grise,400.0,58.0,0.013397061172872782,16.2,1,0
410100220,Fonte,150.0,26.0,0.01338439891114831,16.2,1,0
410103879,Fonte,80.0,48.0,0.013313736952841281,16.3,1,0
410126222,Fonte,80.0,39.0,0.01328441770747304,16.3,1,0
410123774,Fonte_grise,100.0,48.0,0.0132641538977623,16.4,1,0
410525666,Fonte_grise,100.0,53.0,0.013172925543040037,16.4,1,0
410934307,Amiante_ciment,100.0,48.0,0.013172925543040037,16.4,1,0
416005231,Plastique,25.0,28.0,0.013143578357994557,16.5,1,0
414500338,Plastique,160.0,16.0,0.013137848488986493,16.5,1,0
410023360,Fonte_grise,50.0,69.0,0.013133744522929192,16.5,1,0
410009313,Fonte_grise,200.0,69.0,0.013064083363860845,16.6,1,0
410508996,Fonte,150.0,12.0,0.012960576312616467,16.7,1,0
410525636,Fonte_grise,100.0,53.0,0.01291878530755639,16.7,1,0
410531843,Autre,110.0,48.0,0.012916028592735529,16.7,1,0
410532429,Plastique,140.0,29.0,0.01290858183056116,16.8,1,0
410036287,Fonte_grise,250.0,56.0,0.012842640001326799,16.8,1,0
414502330,Acier,300.0,49.0,0.012781812902539968,16.9,1,0
410524387,Fonte,100.0,7.0,0.012736412510275841,16.9,1,0
410119735,Fonte_grise,200.0,73.0,0.012713553849607706,17.0,1,0
410124415,Fonte_grise,200.0,43.0,0.012713553849607706,17.0,1,0
410844966,Plastique,32.0,58.0,0.012664999067783355,17.0,1,0
410933077,Fonte,150.0,38.0,0.012656483519822358,17.0,1,0
416000009,Plastique,25.0,48.0,0.012523357942700385,17.2,1,0
410118289,Fonte_grise,300.0,53.0,0.012522214977070689,17.2,1,0
410002530,Fonte,100.0,33.0,0.012503498140722514,17.2,1,0
410012447,Fonte_grise,250.0,58.0,0.012462281575426459,17.3,1,0
410531090,Fonte_grise,200.0,59.0,0.012462281575426459,17.3,1,0
410107794,Fonte,80.0,38.0,0.012458515353500843,17.3,1,0
410118082,Plastique,63.0,38.0,0.012409379659220576,17.3,1,0
410515540,Fonte,100.0,39.0,0.01238057604059577,17.3,1,0
410964513,Fonte_grise,400.0,53.0,0.012316983519122004,17.4,1,0
410090265,Fonte_grise,60.0,48.0,0.012316442094743252,17.4,1,0
410093445,Plastique,36.0,45.0,0.01229826668277383,17.4,1,0
410104193,Fonte,100.0,48.0,0.01229826668277383,17.5,1,0
410803059,Plastique,36.0,58.0,0.012282054778188467,17.6,1,0
410120743,Plastique,53.0,28.0,0.012269850121811032,17.6,1,0
410029872,Fonte_grise,100.0,113.0,0.012238145945593715,17.6,1,0
416004382,Fonte,200.0,38.0,0.012234786292538047,17.7,1,0
410038589,Fonte,100.0,37.0,0.012175344582647084,17.7,1,0
417004121,Plastique,63.0,53.0,0.012175344582647084,17.8,1,0
410948839,Fonte_grise,60.0,53.0,0.012136991089209914,17.8,1,0
410530055,Fonte,150.0,6.0,0.012091578729450703,17.9,1,0
410513994,Acier,250.0,49.0,0.012040584813803434,18.0,1,0
410801815,Fonte,100.0,51.0,0.01203163475729525,18.0,1,0
410910216,Fonte_grise,80.0,68.0,0.01203163475729525,18.0,1,0
410128191,Plastique,63.0,38.0,0.012031626142561435,18.0,1,0
410101379,Plastique,32.0,58.0,0.012001126073300838,18.1,1,0
410140860,Fonte_grise,200.0,69.0,0.011995352152734996,18.1,1,0
410021943,Fonte,150.0,54.0,0.011987491557374597,18.1,1,0
410139088,Plastique,32.0,48.0,0.01197008325252682,18.2,1,0
410032210,Fonte_grise,125.0,88.0,0.011919571366161109,18.2,1,0
410820714,Fonte,100.0,53.0,0.011907860403880477,18.2,1,0
410941446,Fonte_grise,100.0,43.0,0.011883859988301992,18.3,1,0
414000931,Fonte_grise,150.0,29.0,0.011844856198877096,18.4,1,0
410124942,Fonte_grise,80.0,63.0,0.011778774252161384,18.4,1,0
410029903,Fonte,400.0,53.0,0.011720904614776373,18.5,1,0
410108111,Fonte,80.0,43.0,0.011692727403715252,18.5,1,0
410513966,Acier,100.0,49.0,0.011673446279019117,18.5,1,0
410964961,Plastique,110.0,14.0,0.011670406349003315,18.5,1,0
410116854,Fonte_grise,150.0,48.0,0.011667282087728381,18.6,1,0
410083509,Fonte_grise,60.0,48.0,0.011667282087728381,18.6,1,0
410531759,Fonte_grise,100.0,48.0,0.011667282087728381,18.6,1,0
410853031,Fonte_grise,300.0,69.0,0.011608080845326186,18.6,1,0
410045219,Fonte_grise,100.0,69.0,0.011525643151253461,18.8,1,0
410105152,Fonte,150.0,38.0,0.011525643151253461,18.8,1,0
410032795,Fonte,100.0,34.0,0.011525643151253461,18.8,1,0
410070793,Fonte,100.0,38.0,0.011525643151253461,18.9,1,0
410085469,Fonte,100.0,22.0,0.011525643151253461,18.9,1,0
410120252,Plastique,25.0,58.0,0.011503556277602911,18.9,1,0
410113749,Fonte_grise,60.0,68.0,0.011486639361828565,19.0,1,0
410023089,Fonte_grise,200.0,69.0,0.01142499321140349,19.1,1,0
410098254,Fonte,80.0,48.0,0.01134565072134137,19.2,1,0
410108978,Fonte,100.0,38.0,0.01134565072134137,19.2,1,0
410508022,Fonte_grise,150.0,69.0,0.01131599647924304,19.3,1,0
410102954,Fonte,80.0,48.0,0.011274988763034344,19.4,1,0
416002388,Fonte,100.0,53.0,0.011272908840328454,19.4,1,0
410022634,Fonte_grise,100.0,69.0,0.011248239129781724,19.5,1,0
410095771,Fonte_grise,80.0,58.0,0.011246159207075834,19.5,1,0
410126216,Fonte,150.0,39.0,0.01112907282076776,19.6,1,0
410116189,Fonte_grise,250.0,58.0,0.01112907282076776,19.7,1,0
410088834,Plastique,32.0,25.0,0.011117389937862755,19.7,1,0
410034978,Fonte,100.0,42.0,0.011092916410416365,19.8,1,0
410052263,Fonte,175.0,40.0,0.011092916410416365,19.8,1,0
410071684,Fonte,400.0,48.0,0.01104302597232163,19.9,1,0
410832011,Fonte_grise,100.0,53.0,0.011025077430531383,20.0,1,0
413506914,Fonte,80.0,38.0,0.011023309919983149,20.0,1,0
