id_troncon,score_h1,score_h3,score_h5
SYN000000,0.0,0.00416,0.00416
SYN000001,0.01791,0.03462,0.03911
SYN000002,0.00416,0.00722,0.01791
SYN000003,0.0,0.0,0.00416
SYN000004,0.04651,0.08418,0.2
SYN000005,0.00722,0.03462,0.03462
SYN000006,0.01791,0.03462,0.03911
SYN000007,0.00416,0.00416,0.00722
SYN000008,0.03462,0.03911,0.08418
SYN000009,0.01791,0.03462,0.03462
SYN000010,0.00722,0.03462,0.03462
SYN000011,0.00416,0.01791,0.02174
SYN000012,0.03462,0.04651,0.08418
SYN000013,0.00416,0.01791,0.03462
SYN000014,0.01791,0.03462,0.03911
SYN000015,0.01791,0.03462,0.03462
SYN000016,0.00416,0.00722,0.01791
SYN000017,0.03462,0.08418,0.08418
SYN000018,0.0,0.00416,0.00416
SYN000019,0.08418,0.2,0.21667
SYN000020,0.00722,0.03462,0.03462
SYN000021,0.00416,0.00722,0.01791
SYN000022,0.03462,0.04651,0.08418
SYN000023,0.02174,0.03911,0.04651
SYN000024,0.03462,0.03911,0.08418
SYN000025,0.01791,0.03462,0.04167
SYN000026,0.03462,0.04651,0.08418
SYN000027,0.2,0.5,0.75
SYN000028,0.03462,0.0593,0.08418
SYN000029,0.00416,0.00722,0.01791
SYN000030,0.04651,0.08418,0.21667
SYN000031,0.08418,0.08418,0.21667
SYN000032,0.0,0.00416,0.00416
SYN000033,0.03462,0.04651,0.08418
SYN000034,0.00416,0.00722,0.01791
SYN000035,0.03911,0.08418,0.08418
SYN000036,0.04651,0.08418,0.21461
SYN000037,0.00722,0.02174,0.03462
SYN000038,0.00416,0.01791,0.02174
SYN000039,0.04167,0.08418,0.2
SYN000040,0.00722,0.03462,0.03462
SYN000041,0.03462,0.04167,0.08418
SYN000042,0.00722,0.03462,0.03462
SYN000043,0.00416,0.00722,0.01791
SYN000044,0.01791,0.03462,0.03911
SYN000045,0.00416,0.00416,0.00722
SYN000046,0.00416,0.01791,0.02174
SYN000047,0.00416,0.01791,0.01791
SYN000048,0.0,0.00416,0.00416
SYN000049,0.03911,0.08418,0.08418
SYN000050,0.03462,0.08418,0.08418
SYN000051,0.08418,0.21667,0.21667
SYN000052,0.00416,0.00722,0.00722
SYN000053,0.01791,0.03462,0.03462
SYN000054,0.00416,0.00722,0.01791
SYN000055,0.00416,0.00722,0.01791
SYN000056,0.02174,0.03462,0.04651
SYN000057,0.08418,0.2,0.21667
SYN000058,0.2,0.5,0.75
SYN000059,0.03911,0.08418,0.08418
SYN000060,0.03911,0.08418,0.08418
SYN000061,0.00722,0.03462,0.03462
SYN000062,0.00416,0.01791,0.02174
SYN000063,0.00722,0.02174,0.03462
SYN000064,0.02174,0.03462,0.04651
SYN000065,0.01791,0.03462,0.04167
SYN000066,0.04651,0.08418,0.21667
SYN000067,0.00722,0.02424,0.03462
SYN000068,0.08418,0.08418,0.21667
SYN000069,0.0,0.00416,0.00416
SYN000070,0.00722,0.03462,0.03462
SYN000071,0.01791,0.03462,0.03462
SYN000072,0.00416,0.00722,0.01791
SYN000073,0.00722,0.03462,0.03462
SYN000074,0.00416,0.01791,0.01791
SYN000075,0.00416,0.01791,0.03462
SYN000076,0.00722,0.02174,0.03462
SYN000077,0.01791,0.03462,0.04651
SYN000078,0.00722,0.03462,0.03462
SYN000079,0.02174,0.03911,0.04651
SYN000080,0.00722,0.02174,0.03462
SYN000081,0.00722,0.03462,0.03462
SYN000082,0.00416,0.00416,0.00722
SYN000083,0.03462,0.03911,0.04651
SYN000084,0.00722,0.02174,0.03462
SYN000085,0.00722,0.03462,0.03462
SYN000086,0.00416,0.00416,0.00416
SYN000087,0.0,0.00416,0.00416
SYN000088,0.00722,0.02174,0.03462
SYN000089,0.01791,0.03462,0.03911
SYN000090,0.04651,0.08418,0.2
SYN000091,0.0,0.00416,0.00416
SYN000092,0.01791,0.03462,0.03911
SYN000093,0.00722,0.02174,0.03462
SYN000094,0.03462,0.04651,0.08418
SYN000095,0.01791,0.03462,0.04651
SYN000096,0.00722,0.02174,0.03462
SYN000097,0.03911,0.08418,0.08418
SYN000098,0.03911,0.08418,0.08418
SYN000099,0.03462,0.08418,0.08418
SYN000100,0.00416,0.00722,0.01791
SYN000101,0.00722,0.03462,0.03462
SYN000102,0.00722,0.02174,0.03462
SYN000103,0.03462,0.04651,0.08418
SYN000104,0.00416,0.00416,0.00722
SYN000105,0.00416,0.01791,0.02174
SYN000106,0.03462,0.0625,0.08418
SYN000107,0.00722,0.02174,0.03462
SYN000108,0.01791,0.03462,0.03911
SYN000109,0.00416,0.01791,0.02174
SYN000110,0.03462,0.04651,0.08418
SYN000111,0.03462,0.04651,0.08418
SYN000112,0.02174,0.03911,0.04651
SYN000113,0.03462,0.08418,0.08418
SYN000114,0.03462,0.03911,0.0625
SYN000115,0.00416,0.00416,0.00722
SYN000116,0.00416,0.00722,0.01791
SYN000117,0.00416,0.01791,0.02174
SYN000118,0.0,0.00416,0.00416
SYN000119,0.03462,0.04651,0.08418
SYN000120,0.03462,0.08418,0.08418
SYN000121,0.02174,0.03911,0.04651
SYN000122,0.00722,0.03462,0.03462
SYN000123,0.00722,0.02174,0.03462
SYN000124,0.03462,0.04651,0.08418
SYN000125,0.00722,0.03462,0.03462
SYN000126,0.00416,0.00416,0.00722
SYN000127,0.03462,0.0625,0.08418
SYN000128,0.08418,0.08418,0.21667
SYN000129,0.03462,0.04167,0.08418
SYN000130,0.08418,0.21667,0.21667
SYN000131,0.00416,0.01791,0.03462
SYN000132,0.03462,0.08418,0.08418
SYN000133,0.03911,0.08418,0.08418
SYN000134,0.01791,0.03462,0.03911
SYN000135,0.03911,0.08418,0.08418
SYN000136,0.00416,0.01791,0.03462
SYN000137,0.0,0.00416,0.00416
SYN000138,0.00416,0.01791,0.03462
SYN000139,0.03462,0.0625,0.08418
SYN000140,0.00722,0.03462,0.03462
SYN000141,0.00722,0.03462,0.03462
SYN000142,0.02174,0.03911,0.04651
SYN000143,0.03462,0.03911,0.04651
SYN000144,0.00416,0.01791,0.03462
SYN000145,0.00416,0.01791,0.02174
SYN000146,0.00416,0.00416,0.00416
SYN000147,0.03462,0.0625,0.08418
SYN000148,0.01791,0.03462,0.03462
SYN000149,0.03911,0.08418,0.08418
SYN000150,0.02174,0.03911,0.04651
SYN000151,0.01791,0.03462,0.03911
SYN000152,0.08418,0.08418,0.21667
SYN000153,0.03462,0.04651,0.08418
SYN000154,0.03911,0.08418,0.08418
SYN000155,0.00416,0.00722,0.01791
SYN000156,0.00416,0.01791,0.02174
SYN000157,0.02174,0.03462,0.04651
SYN000158,0.00416,0.00416,0.00722
SYN000159,0.00722,0.02174,0.03462
SYN000160,0.03911,0.08418,0.08418
SYN000161,0.00416,0.01791,0.02174
SYN000162,0.0,0.00416,0.00416
SYN000163,0.03462,0.08418,0.08418
SYN000164,0.01791,0.03462,0.03911
SYN000165,0.02174,0.03911,0.04651
SYN000166,0.0,0.0,0.00016
SYN000167,0.00416,0.00416,0.00416
SYN000168,0.02174,0.03462,0.04651
SYN000169,0.02174,0.03911,0.04651
SYN000170,0.00722,0.03462,0.03462
SYN000171,0.00416,0.01791,0.03462
SYN000172,0.00416,0.01791,0.03462
SYN000173,0.03462,0.04651,0.08418
SYN000174,0.00416,0.01791,0.03462
SYN000175,0.01791,0.03462,0.04167
SYN000176,0.00416,0.00416,0.00722
SYN000177,0.01791,0.03462,0.03911
SYN000178,0.0,0.00416,0.00416
SYN000179,0.00416,0.00722,0.01791
SYN000180,0.0,0.0,0.00416
SYN000181,0.00416,0.00722,0.01791
SYN000182,0.00722,0.02174,0.03462
SYN000183,0.00416,0.00416,0.00416
SYN000184,0.00416,0.01791,0.02174
SYN000185,0.02174,0.03911,0.04651
SYN000186,0.00416,0.01791,0.03462
SYN000187,0.03462,0.08418,0.08418
SYN000188,0.03462,0.04167,0.08418
SYN000189,0.00416,0.01791,0.02174
SYN000190,0.00416,0.00416,0.00722
SYN000191,0.03462,0.03911,0.04651
SYN000192,0.03462,0.03911,0.04651
SYN000193,0.00416,0.00416,0.00722
SYN000194,0.08418,0.21667,0.21667
SYN000195,0.04651,0.08418,0.2
SYN000196,0.03462,0.04651,0.08418
SYN000197,0.00416,0.00416,0.00722
SYN000198,0.03911,0.08418,0.08418
SYN000199,0.00416,0.01791,0.02174
SYN000200,0.0,0.00416,0.00416
SYN000201,0.00416,0.00722,0.01791
SYN000202,0.02174,0.03911,0.04651
SYN000203,0.04651,0.08418,0.2
SYN000204,0.04651,0.08418,0.2
SYN000205,0.00722,0.02174,0.03462
SYN000206,0.03911,0.08418,0.08418
SYN000207,0.00416,0.00722,0.01791
SYN000208,0.03462,0.04651,0.08418
SYN000209,0.01791,0.03462,0.03462
SYN000210,0.0,0.0,0.00416
SYN000211,0.01791,0.03462,0.03462
SYN000212,0.03462,0.08418,0.08418
SYN000213,0.00416,0.01791,0.03462
SYN000214,0.0,0.00416,0.00416
SYN000215,0.00416,0.01791,0.01791
SYN000216,0.03462,0.03911,0.0625
SYN000217,0.00722,0.03462,0.03462
SYN000218,0.03911,0.08418,0.08418
SYN000219,0.00416,0.00722,0.00722
SYN000220,0.0,0.00416,0.00416
SYN000221,0.00416,0.01791,0.03462
SYN000222,0.00722,0.03462,0.03462
SYN000223,0.03462,0.03911,0.08418
SYN000224,0.00416,0.00416,0.00416
SYN000225,0.00416,0.00722,0.01791
SYN000226,0.08418,0.2,0.21667
SYN000227,0.03462,0.08418,0.08418
SYN000228,0.00722,0.02174,0.03462
SYN000229,0.03911,0.08418,0.08418
SYN000230,0.08418,0.2,0.21667
SYN000231,0.00416,0.00416,0.00722
SYN000232,0.01791,0.03462,0.03911
SYN000233,0.03462,0.03911,0.08418
SYN000234,0.03911,0.08418,0.08418
SYN000235,0.02174,0.03911,0.04651
SYN000236,0.00722,0.03462,0.03462
SYN000237,0.0,0.00416,0.00416
SYN000238,0.00722,0.03462,0.03462
SYN000239,0.08418,0.2,0.21667
SYN000240,0.0,0.00416,0.00416
SYN000241,0.00722,0.03462,0.03462
SYN000242,0.02174,0.03911,0.04651
SYN000243,0.03462,0.08418,0.08418
SYN000244,0.03911,0.08418,0.08418
SYN000245,0.0,0.00416,0.00416
SYN000246,0.01791,0.03462,0.04397
SYN000247,0.00416,0.00722,0.00722
SYN000248,0.00416,0.00416,0.00416
SYN000249,0.00416,0.00416,0.00722
SYN000250,0.01791,0.03462,0.03911
SYN000251,0.00416,0.00416,0.00722
SYN000252,0.01791,0.03462,0.03911
SYN000253,0.00416,0.00416,0.00722
SYN000254,0.03462,0.03911,0.0625
SYN000255,0.00722,0.02174,0.03462
SYN000256,0.0,0.00416,0.00416
SYN000257,0.03911,0.08418,0.08418
SYN000258,0.00416,0.01791,0.02174
SYN000259,0.03462,0.04167,0.08418
SYN000260,0.04167,0.08418,0.08418
SYN000261,0.00416,0.00722,0.01791
SYN000262,0.0,0.0,0.0
SYN000263,0.08418,0.21667,0.5
SYN000264,0.02174,0.03911,0.04651
SYN000265,0.03462,0.03911,0.04651
SYN000266,0.0,0.00416,0.00416
SYN000267,0.04651,0.08418,0.21667
SYN000268,0.01791,0.03462,0.03462
SYN000269,0.03462,0.0625,0.08418
SYN000270,0.04651,0.08418,0.2
SYN000271,0.04167,0.08418,0.2
SYN000272,0.01791,0.03462,0.03911
SYN000273,0.03911,0.08418,0.08418
SYN000274,0.00416,0.00416,0.00722
SYN000275,0.01791,0.03462,0.03911
SYN000276,0.00416,0.01791,0.03462
SYN000277,0.01791,0.03462,0.03911
SYN000278,0.0,0.00416,0.00416
SYN000279,0.00416,0.00416,0.00722
SYN000280,0.03462,0.08418,0.08418
SYN000281,0.03462,0.08418,0.08418
SYN000282,0.00416,0.00416,0.00722
SYN000283,0.0,0.0,0.00416
SYN000284,0.00722,0.02174,0.03462
SYN000285,0.01791,0.03462,0.04651
SYN000286,0.03462,0.08418,0.08418
SYN000287,0.01791,0.03462,0.03911
SYN000288,0.04651,0.08418,0.2
SYN000289,0.04651,0.08418,0.21132
SYN000290,0.0,0.00416,0.00416
SYN000291,0.03462,0.08418,0.08418
SYN000292,0.00722,0.03462,0.03462
SYN000293,0.03462,0.08418,0.08418
SYN000294,0.01791,0.03462,0.03462
SYN000295,0.00722,0.02174,0.03462
SYN000296,0.03911,0.08418,0.08418
SYN000297,0.01791,0.03462,0.03911
SYN000298,0.0,0.00416,0.00416
SYN000299,0.01791,0.03462,0.03911
SYN000300,0.00722,0.03462,0.03462
SYN000301,0.03911,0.08418,0.08418
SYN000302,0.03462,0.04651,0.08418
SYN000303,0.0,0.00416,0.00416
SYN000304,0.0,0.00416,0.00416
SYN000305,0.03462,0.04167,0.08418
SYN000306,0.0,0.0,0.00416
SYN000307,0.03911,0.08418,0.08418
SYN000308,0.00416,0.01791,0.02174
SYN000309,0.00722,0.03462,0.03462
SYN000310,0.01791,0.03462,0.03911
SYN000311,0.00416,0.00416,0.00416
SYN000312,0.01791,0.03462,0.03911
SYN000313,0.00722,0.03462,0.03462
SYN000314,0.01791,0.03462,0.03911
SYN000315,0.00416,0.00416,0.00722
SYN000316,0.02174,0.03462,0.04651
SYN000317,0.00416,0.00722,0.01791
SYN000318,0.00722,0.03462,0.03462
SYN000319,0.01791,0.03462,0.04167
SYN000320,0.00416,0.01791,0.02174
SYN000321,0.0,0.00416,0.00416
SYN000322,0.00416,0.00722,0.01791
SYN000323,0.02174,0.03911,0.04651
SYN000324,0.00416,0.00416,0.00722
SYN000325,0.02174,0.03911,0.04651
SYN000326,0.00416,0.00416,0.00722
SYN000327,0.04651,0.08418,0.2
SYN000328,0.03911,0.08418,0.08418
SYN000329,0.00416,0.00722,0.01791
SYN000330,0.0,0.00416,0.00416
SYN000331,0.03911,0.08418,0.08418
SYN000332,0.00416,0.00416,0.00722
SYN000333,0.00722,0.02174,0.03462
SYN000334,0.01791,0.03462,0.03462
SYN000335,0.00416,0.00722,0.01791
SYN000336,0.08418,0.2,0.21667
SYN000337,0.00416,0.00416,0.00722
SYN000338,0.00722,0.03462,0.03462
SYN000339,0.00416,0.01791,0.03462
SYN000340,0.03911,0.08418,0.08418
SYN000341,0.00416,0.01791,0.02174
SYN000342,0.00416,0.01791,0.02174
SYN000343,0.00416,0.01791,0.02174
SYN000344,0.00416,0.01791,0.03462
SYN000345,0.0,0.00416,0.00416
SYN000346,0.0,0.00416,0.00416
SYN000347,0.00416,0.01791,0.02174
SYN000348,0.03462,0.08418,0.08418
SYN000349,0.01791,0.03462,0.03911
SYN000350,0.01791,0.03462,0.03911
SYN000351,0.03911,0.08418,0.08418
SYN000352,0.03911,0.08418,0.08418
SYN000353,0.01791,0.03462,0.03911
SYN000354,0.00416,0.00416,0.00722
SYN000355,0.00416,0.01791,0.03462
SYN000356,0.00416,0.00416,0.00416
SYN000357,0.01791,0.03462,0.03462
SYN000358,0.01791,0.03462,0.03911
SYN000359,0.03911,0.08418,0.08418
SYN000360,0.01791,0.03462,0.03462
SYN000361,0.03462,0.04651,0.08418
SYN000362,0.01791,0.03462,0.03911
SYN000363,0.02174,0.03911,0.04651
SYN000364,0.03462,0.04638,0.08418
SYN000365,0.00416,0.00416,0.00722
SYN000366,0.01791,0.03462,0.03911
SYN000367,0.0,0.00416,0.00416
SYN000368,0.01791,0.03462,0.03911
SYN000369,0.00416,0.00722,0.01791
SYN000370,0.0,0.00416,0.00416
SYN000371,0.00722,0.03462,0.03462
SYN000372,0.00416,0.00416,0.00722
SYN000373,0.00416,0.01791,0.03462
SYN000374,0.03462,0.03911,0.08418
SYN000375,0.01791,0.03462,0.03911
SYN000376,0.02174,0.03462,0.04651
SYN000377,0.00416,0.00416,0.00722
SYN000378,0.00416,0.01791,0.02174
SYN000379,0.00416,0.00416,0.00722
SYN000380,0.00416,0.00722,0.01791
SYN000381,0.02174,0.03911,0.04651
SYN000382,0.00416,0.00722,0.01791
SYN000383,0.00416,0.00416,0.00416
SYN000384,0.0,0.0,0.00416
SYN000385,0.03462,0.08418,0.08418
SYN000386,0.00722,0.03462,0.03462
SYN000387,0.01791,0.03462,0.03911
SYN000388,0.04651,0.08418,0.2
SYN000389,0.00416,0.00722,0.00722
SYN000390,0.03911,0.08418,0.08418
SYN000391,0.03462,0.04651,0.08418
SYN000392,0.03462,0.04651,0.08418
SYN000393,0.00416,0.01791,0.03462
SYN000394,0.03911,0.08418,0.08418
SYN000395,0.00722,0.02174,0.03462
SYN000396,0.02174,0.03911,0.04651
SYN000397,0.00416,0.01791,0.03462
SYN000398,0.00416,0.01791,0.02174
SYN000399,0.00416,0.01791,0.02174
SYN000400,0.00722,0.03462,0.03462
SYN000401,0.0,0.00416,0.00416
SYN000402,0.00416,0.00416,0.00722
SYN000403,0.03911,0.08418,0.08418
SYN000404,0.02174,0.03911,0.04651
SYN000405,0.0,0.0,0.0
SYN000406,0.00416,0.01791,0.02174
SYN000407,0.00416,0.01791,0.01791
SYN000408,0.08418,0.21667,0.21667
SYN000409,0.01791,0.03462,0.03911
SYN000410,0.00722,0.03462,0.03462
SYN000411,0.08418,0.2,0.21667
SYN000412,0.01791,0.03462,0.04167
SYN000413,0.00416,0.00416,0.00416
SYN000414,0.03462,0.04167,0.08418
SYN000415,0.00416,0.00722,0.01791
SYN000416,0.08418,0.21667,0.21667
SYN000417,0.02174,0.03911,0.04651
SYN000418,0.03462,0.08418,0.08418
SYN000419,0.00416,0.00722,0.00722
SYN000420,0.00416,0.01791,0.01791
SYN000421,0.04651,0.08418,0.2
SYN000422,0.03462,0.08418,0.08418
SYN000423,0.02174,0.03911,0.04651
SYN000424,0.03462,0.08418,0.08418
SYN000425,0.00416,0.01791,0.01791
SYN000426,0.02174,0.03911,0.04651
SYN000427,0.00416,0.00416,0.00722
SYN000428,0.01791,0.03462,0.03911
SYN000429,0.00416,0.00722,0.01791
SYN000430,0.03462,0.03911,0.04651
SYN000431,0.03462,0.04651,0.08418
SYN000432,0.0,0.00416,0.00416
SYN000433,0.00416,0.00416,0.00722
SYN000434,0.01791,0.03462,0.03462
SYN000435,0.08418,0.2,0.21667
SYN000436,0.01791,0.03462,0.03911
SYN000437,0.00416,0.01791,0.03462
SYN000438,0.00416,0.00722,0.01791
SYN000439,0.0625,0.08418,0.21667
SYN000440,0.0,0.00416,0.00416
SYN000441,0.08418,0.21667,0.5
SYN000442,0.00416,0.00416,0.00722
SYN000443,0.00722,0.02174,0.03462
SYN000444,0.01791,0.03462,0.03462
SYN000445,0.00722,0.03462,0.03462
SYN000446,0.03462,0.08418,0.08418
SYN000447,0.03462,0.04651,0.08418
SYN000448,0.01791,0.03462,0.03911
SYN000449,0.03462,0.08418,0.08418
SYN000450,0.03462,0.04651,0.08418
SYN000451,0.0,0.00416,0.00416
SYN000452,0.00416,0.00722,0.01791
SYN000453,0.03911,0.08418,0.08418
SYN000454,0.03462,0.08418,0.08418
SYN000455,0.03462,0.04651,0.08418
SYN000456,0.08418,0.2,0.21667
SYN000457,0.00722,0.02174,0.03462
SYN000458,0.00416,0.00416,0.00416
SYN000459,0.03462,0.04651,0.08418
SYN000460,0.08418,0.2,0.21667
SYN000461,0.01791,0.03462,0.03911
SYN000462,0.01791,0.03462,0.03911
SYN000463,0.00722,0.03462,0.03462
SYN000464,0.03462,0.08418,0.08418
SYN000465,0.00416,0.00722,0.01791
SYN000466,0.01791,0.03462,0.03911
SYN000467,0.01791,0.03462,0.03911
SYN000468,0.03462,0.04651,0.08418
SYN000469,0.0,0.00416,0.00416
SYN000470,0.00416,0.01791,0.02174
SYN000471,0.01791,0.03462,0.03911
SYN000472,0.00722,0.03462,0.03462
SYN000473,0.04651,0.08418,0.2
SYN000474,0.00416,0.00416,0.00416
SYN000475,0.00416,0.01791,0.02174
SYN000476,0.00722,0.03462,0.03462
SYN000477,0.00416,0.01791,0.01791
SYN000478,0.03462,0.04651,0.08418
SYN000479,0.0,0.00416,0.00416
SYN000480,0.00722,0.03462,0.03462
SYN000481,0.02174,0.03911,0.04651
SYN000482,0.00722,0.03462,0.03462
SYN000483,0.00416,0.00722,0.01791
SYN000484,0.03462,0.08418,0.08418
SYN000485,0.00722,0.03462,0.03462
SYN000486,0.01791,0.03462,0.03462
SYN000487,0.00416,0.01791,0.03462
SYN000488,0.03462,0.03911,0.08418
SYN000489,0.04651,0.08418,0.2
SYN000490,0.03462,0.04651,0.08418
SYN000491,0.02174,0.03462,0.04651
SYN000492,0.01791,0.03462,0.03911
SYN000493,0.03462,0.04651,0.08418
SYN000494,0.00416,0.00722,0.01791
SYN000495,0.01791,0.03462,0.03911
SYN000496,0.03462,0.0625,0.08418
SYN000497,0.01791,0.03462,0.04651
SYN000498,0.00416,0.00722,0.01791
SYN000499,0.00416,0.00416,0.00722
SYN000500,0.00416,0.01791,0.02174
SYN000501,0.00416,0.01791,0.02174
SYN000502,0.03911,0.08418,0.08418
SYN000503,0.01791,0.03462,0.03911
SYN000504,0.00416,0.01791,0.03462
SYN000505,0.00416,0.01791,0.02174
SYN000506,0.00416,0.00722,0.01791
SYN000507,0.00416,0.00416,0.00722
SYN000508,0.08418,0.21667,0.21667
SYN000509,0.04651,0.08418,0.2
SYN000510,0.08418,0.2,0.21667
SYN000511,0.01791,0.03462,0.03911
SYN000512,0.00722,0.02174,0.03462
SYN000513,0.01791,0.03462,0.04651
SYN000514,0.02174,0.03911,0.04651
SYN000515,0.03911,0.08418,0.08418
SYN000516,0.02174,0.03462,0.04651
SYN000517,0.03462,0.04651,0.08418
SYN000518,0.04651,0.08418,0.2
SYN000519,0.00722,0.03462,0.03462
SYN000520,0.00416,0.01791,0.03462
SYN000521,0.00416,0.00416,0.00722
SYN000522,0.0625,0.08418,0.21667
SYN000523,0.03462,0.08418,0.08418
SYN000524,0.2,0.5,0.75
SYN000525,0.01791,0.03462,0.03911
SYN000526,0.00416,0.01791,0.03462
SYN000527,0.03462,0.08418,0.08418
SYN000528,0.00722,0.02174,0.03462
SYN000529,0.00416,0.01791,0.03462
SYN000530,0.00416,0.00416,0.00722
SYN000531,0.00416,0.00722,0.00722
SYN000532,0.0,0.00416,0.00416
SYN000533,0.03911,0.08418,0.08418
SYN000534,0.04167,0.08418,0.2
SYN000535,0.03462,0.08418,0.08418
SYN000536,0.03462,0.08418,0.08418
SYN000537,0.08418,0.2,0.21667
SYN000538,0.01791,0.03462,0.03911
SYN000539,0.01791,0.03462,0.03911
SYN000540,0.00416,0.01791,0.03462
SYN000541,0.00722,0.03462,0.03462
SYN000542,0.03462,0.08418,0.08418
SYN000543,0.01791,0.03462,0.03911
SYN000544,0.01791,0.03462,0.03462
SYN000545,0.03462,0.04651,0.08418
SYN000546,0.00416,0.01791,0.03462
SYN000547,0.02174,0.03911,0.04651
SYN000548,0.03462,0.04651,0.08418
SYN000549,0.00722,0.03462,0.03462
SYN000550,0.00722,0.02174,0.03462
SYN000551,0.04651,0.08418,0.21667
SYN000552,0.00416,0.01791,0.03462
SYN000553,0.0,0.00416,0.00416
SYN000554,0.08418,0.21667,0.21667
SYN000555,0.04651,0.08418,0.2
SYN000556,0.00722,0.02174,0.03462
SYN000557,0.00722,0.02174,0.03462
SYN000558,0.08418,0.21667,0.5
SYN000559,0.00416,0.01791,0.02174
SYN000560,0.03462,0.08418,0.08418
SYN000561,0.00722,0.02174,0.03462
SYN000562,0.00722,0.02174,0.03462
SYN000563,0.03462,0.08418,0.08418
SYN000564,0.02174,0.03911,0.04651
SYN000565,0.0,0.00416,0.00416
SYN000566,0.00416,0.00416,0.00722
SYN000567,0.03462,0.08418,0.08418
SYN000568,0.00722,0.02174,0.03462
SYN000569,0.04651,0.08418,0.2
SYN000570,0.00416,0.00416,0.00722
SYN000571,0.0,0.00416,0.00416
SYN000572,0.00416,0.00416,0.00722
SYN000573,0.00416,0.00416,0.00416
SYN000574,0.00416,0.00722,0.01791
SYN000575,0.0,0.00416,0.00416
SYN000576,0.0,0.00416,0.00416
SYN000577,0.03462,0.04651,0.08418
SYN000578,0.0,0.0,0.0
SYN000579,0.01791,0.03462,0.04651
SYN000580,0.03462,0.04651,0.08418
SYN000581,0.03462,0.04651,0.08418
SYN000582,0.03462,0.03911,0.0625
SYN000583,0.01791,0.03462,0.03462
SYN000584,0.00416,0.01791,0.03462
SYN000585,0.03462,0.08418,0.08418
SYN000586,0.03911,0.08418,0.08418
SYN000587,0.00416,0.00416,0.00722
SYN000588,0.04651,0.08418,0.2
SYN000589,0.03462,0.04651,0.08418
SYN000590,0.01791,0.03462,0.03911
SYN000591,0.04167,0.08418,0.2
SYN000592,0.00416,0.01791,0.03462
SYN000593,0.03911,0.08418,0.08418
SYN000594,0.08418,0.2,0.21667
SYN000595,0.00416,0.00416,0.00722
SYN000596,0.0,0.00416,0.00416
SYN000597,0.03462,0.03911,0.08418
SYN000598,0.03462,0.03911,0.08418
SYN000599,0.00416,0.01791,0.01791
SYN000600,0.0,0.00416,0.00416
SYN000601,0.00416,0.00722,0.01791
SYN000602,0.00722,0.02174,0.03462
SYN000603,0.00416,0.00416,0.00722
SYN000604,0.03462,0.03911,0.0625
SYN000605,0.0,0.00416,0.00416
SYN000606,0.00722,0.02174,0.03462
SYN000607,0.03462,0.04651,0.08418
SYN000608,0.00722,0.03462,0.03462
SYN000609,0.00416,0.00722,0.01791
SYN000610,0.03462,0.04651,0.08418
SYN000611,0.03462,0.04167,0.08418
SYN000612,0.03462,0.08418,0.08418
SYN000613,0.03462,0.04651,0.08418
SYN000614,0.00416,0.00416,0.00722
SYN000615,0.0,0.00416,0.00416
SYN000616,0.03462,0.04651,0.08418
SYN000617,0.0,0.00416,0.00416
SYN000618,0.2,0.5,0.75
SYN000619,0.08418,0.21667,0.5
SYN000620,0.00722,0.02174,0.03462
SYN000621,0.00722,0.02174,0.03462
SYN000622,0.00722,0.02174,0.03462
SYN000623,0.00416,0.00416,0.00722
SYN000624,0.00722,0.03462,0.03462
SYN000625,0.00416,0.01791,0.02174
SYN000626,0.02174,0.03911,0.04651
SYN000627,0.03911,0.08418,0.08418
SYN000628,0.03462,0.04651,0.08418
SYN000629,0.00416,0.00722,0.01791
SYN000630,0.08418,0.08418,0.21667
SYN000631,0.00416,0.01791,0.03462
SYN000632,0.00722,0.03462,0.03462
SYN000633,0.0,0.00416,0.00416
SYN000634,0.00722,0.03462,0.03462
SYN000635,0.03462,0.04651,0.08418
SYN000636,0.00416,0.00722,0.01791
SYN000637,0.0,0.00416,0.00416
SYN000638,0.00416,0.01791,0.03462
SYN000639,0.0,0.00416,0.00416
SYN000640,0.00416,0.00722,0.01791
SYN000641,0.00722,0.02174,0.03462
SYN000642,0.03911,0.08418,0.08418
SYN000643,0.00722,0.03462,0.03462
SYN000644,0.03462,0.04651,0.08418
SYN000645,0.00416,0.01791,0.03462
SYN000646,0.03911,0.08418,0.08418
SYN000647,0.0,0.00416,0.00416
SYN000648,0.00416,0.01791,0.03462
SYN000649,0.08418,0.21667,0.5
SYN000650,0.00416,0.00722,0.01791
SYN000651,0.00722,0.02174,0.03462
SYN000652,0.00416,0.00416,0.00722
SYN000653,0.03462,0.04651,0.08418
SYN000654,0.0,0.00416,0.00416
SYN000655,0.04651,0.08418,0.2
SYN000656,0.0,0.00416,0.00416
SYN000657,0.0,0.0,0.00416
SYN000658,0.02174,0.03911,0.04651
SYN000659,0.00722,0.03462,0.03462
SYN000660,0.00416,0.00416,0.00722
SYN000661,0.0,0.0,0.0
SYN000662,0.02174,0.03911,0.04651
SYN000663,0.03462,0.08418,0.08418
SYN000664,0.00416,0.00416,0.00416
SYN000665,0.0,0.00416,0.00416
SYN000666,0.00722,0.03462,0.03462
SYN000667,0.03462,0.08418,0.08418
SYN000668,0.00416,0.00722,0.01791
SYN000669,0.00416,0.00722,0.01791
SYN000670,0.03911,0.08418,0.08418
SYN000671,0.03462,0.08418,0.08418
SYN000672,0.02174,0.03911,0.04651
SYN000673,0.0,0.00416,0.00416
SYN000674,0.03462,0.04651,0.08418
SYN000675,0.02174,0.03462,0.04651
SYN000676,0.0,0.00416,0.00416
SYN000677,0.01791,0.03462,0.03911
SYN000678,0.03462,0.04651,0.08418
SYN000679,0.01791,0.03462,0.03911
SYN000680,0.02174,0.03911,0.04651
SYN000681,0.04167,0.08418,0.2
SYN000682,0.03462,0.08418,0.08418
SYN000683,0.00416,0.00722,0.01791
SYN000684,0.03462,0.04651,0.08418
SYN000685,0.00416,0.00416,0.00722
SYN000686,0.00416,0.00416,0.00722
SYN000687,0.03462,0.03911,0.04651
SYN000688,0.00416,0.01791,0.01791
SYN000689,0.00416,0.00722,0.01791
SYN000690,0.03462,0.03911,0.04651
SYN000691,0.01791,0.03462,0.04651
SYN000692,0.00416,0.00416,0.00722
SYN000693,0.00416,0.01791,0.03462
SYN000694,0.00416,0.00416,0.00722
SYN000695,0.03911,0.08418,0.08418
SYN000696,0.0,0.00416,0.00416
SYN000697,0.00416,0.00722,0.01791
SYN000698,0.08418,0.21667,0.21667
SYN000699,0.0,0.00416,0.00416
SYN000700,0.0,0.00416,0.00416
SYN000701,0.00416,0.00722,0.01791
SYN000702,0.03462,0.08418,0.08418
SYN000703,0.00722,0.02174,0.03462
SYN000704,0.01791,0.03462,0.03911
SYN000705,0.02174,0.03911,0.04651
SYN000706,0.00416,0.01791,0.03462
SYN000707,0.00416,0.01791,0.02174
SYN000708,0.00416,0.00722,0.01791
SYN000709,0.0,0.00416,0.00416
SYN000710,0.01791,0.03462,0.04651
SYN000711,0.0,0.00416,0.00416
SYN000712,0.00722,0.02174,0.03462
SYN000713,0.00416,0.01791,0.02174
SYN000714,0.00722,0.03462,0.03462
SYN000715,0.03462,0.04167,0.08418
SYN000716,0.00416,0.00416,0.00722
SYN000717,0.08418,0.08418,0.21667
SYN000718,0.03462,0.04651,0.08418
SYN000719,0.03462,0.08418,0.08418
SYN000720,0.00349,0.00416,0.00416
SYN000721,0.00416,0.00416,0.00722
SYN000722,0.03462,0.08418,0.08418
SYN000723,0.03462,0.04651,0.08418
SYN000724,0.03911,0.08418,0.08418
SYN000725,0.01791,0.03462,0.03911
SYN000726,0.01791,0.03462,0.03911
SYN000727,0.01791,0.03462,0.03911
SYN000728,0.03462,0.0625,0.08418
SYN000729,0.00722,0.03462,0.03462
SYN000730,0.00416,0.01791,0.03462
SYN000731,0.03462,0.04651,0.08418
SYN000732,0.75,0.75,0.75
SYN000733,0.03462,0.04651,0.08418
SYN000734,0.03462,0.03911,0.04651
SYN000735,0.00416,0.00722,0.01791
SYN000736,0.00722,0.02174,0.03462
SYN000737,0.00416,0.00722,0.01791
SYN000738,0.00722,0.02174,0.03462
SYN000739,0.00416,0.01791,0.03462
SYN000740,0.03462,0.08418,0.08418
SYN000741,0.03462,0.04651,0.08418
SYN000742,0.00416,0.00722,0.01791
SYN000743,0.03462,0.08418,0.08418
SYN000744,0.00416,0.00416,0.00416
SYN000745,0.00416,0.00416,0.00416
SYN000746,0.01791,0.03462,0.03462
SYN000747,0.00416,0.01791,0.03462
SYN000748,0.00416,0.00722,0.01791
SYN000749,0.0,0.00416,0.00416
SYN000750,0.00416,0.00416,0.00416
SYN000751,0.00416,0.00416,0.00722
SYN000752,0.00416,0.00722,0.01791
SYN000753,0.03911,0.08418,0.08418
SYN000754,0.03911,0.08418,0.08418
SYN000755,0.03462,0.08418,0.08418
SYN000756,0.01791,0.03462,0.04167
SYN000757,0.03462,0.04651,0.08418
SYN000758,0.03911,0.08418,0.08418
SYN000759,0.00416,0.00416,0.00722
SYN000760,0.00722,0.02174,0.03462
SYN000761,0.00416,0.00416,0.00722
SYN000762,0.03462,0.08418,0.08418
SYN000763,0.03462,0.04651,0.08418
SYN000764,0.00722,0.02174,0.03462
SYN000765,0.03462,0.04167,0.08418
SYN000766,0.03462,0.08418,0.08418
SYN000767,0.03462,0.08418,0.08418
SYN000768,0.03911,0.08418,0.08418
SYN000769,0.00722,0.03462,0.03462
SYN000770,0.01791,0.03462,0.03462
SYN000771,0.03462,0.08418,0.08418
SYN000772,0.03462,0.03911,0.08418
SYN000773,0.00416,0.00416,0.00722
SYN000774,0.03462,0.08418,0.08418
SYN000775,0.00722,0.02174,0.03462
SYN000776,0.01791,0.03462,0.03911
SYN000777,0.0625,0.08418,0.21667
SYN000778,0.0,0.00416,0.00416
SYN000779,0.00416,0.00722,0.01791
SYN000780,0.01791,0.03462,0.03911
SYN000781,0.00416,0.01791,0.03462
SYN000782,0.0,0.00416,0.00416
SYN000783,0.08418,0.21667,0.21667
SYN000784,0.03462,0.04167,0.08418
SYN000785,0.0,0.00416,0.00416
SYN000786,0.00416,0.00722,0.01791
SYN000787,0.01791,0.03462,0.03911
SYN000788,0.00416,0.01791,0.02174
SYN000789,0.02174,0.03911,0.04651
SYN000790,0.02174,0.03462,0.04651
SYN000791,0.02174,0.03911,0.04651
SYN000792,0.03462,0.03911,0.04651
SYN000793,0.03462,0.04651,0.08418
SYN000794,0.03911,0.08418,0.08418
SYN000795,0.0,0.00416,0.00416
SYN000796,0.03462,0.0625,0.08418
SYN000797,0.03911,0.08418,0.08418
SYN000798,0.0,0.00416,0.00416
SYN000799,0.00416,0.01791,0.03462
SYN000800,0.00416,0.00416,0.00722
SYN000801,0.00416,0.01791,0.02174
SYN000802,0.00416,0.00416,0.00722
SYN000803,0.04651,0.08418,0.2
SYN000804,0.01791,0.03462,0.03462
SYN000805,0.04651,0.08418,0.2
SYN000806,0.00416,0.00722,0.01791
SYN000807,0.03911,0.08418,0.08418
SYN000808,0.00722,0.02174,0.03462
SYN000809,0.03462,0.04651,0.08418
SYN000810,0.03462,0.03911,0.04651
SYN000811,0.08418,0.2,0.21667
SYN000812,0.03462,0.04651,0.08418
SYN000813,0.03462,0.04167,0.08418
SYN000814,0.08418,0.2,0.21667
SYN000815,0.00416,0.00416,0.00722
SYN000816,0.0,0.00416,0.00416
SYN000817,0.03462,0.04651,0.08418
SYN000818,0.02174,0.03462,0.04651
SYN000819,0.00722,0.02174,0.03462
SYN000820,0.03911,0.08418,0.08418
SYN000821,0.00722,0.03462,0.03462
SYN000822,0.00416,0.00416,0.00416
SYN000823,0.00416,0.01791,0.02174
SYN000824,0.00416,0.00416,0.00722
SYN000825,0.03462,0.08418,0.08418
SYN000826,0.04651,0.08418,0.2
SYN000827,0.00722,0.02174,0.03462
SYN000828,0.02174,0.03911,0.04651
SYN000829,0.00416,0.00722,0.01791
SYN000830,0.00722,0.03462,0.03462
SYN000831,0.04651,0.08418,0.2
SYN000832,0.01791,0.03462,0.03911
SYN000833,0.01791,0.03462,0.03462
SYN000834,0.00416,0.01791,0.02174
SYN000835,0.01791,0.03462,0.03911
SYN000836,0.00416,0.00722,0.01791
SYN000837,0.08418,0.21667,0.21667
SYN000838,0.00416,0.01791,0.02174
SYN000839,0.02174,0.03462,0.04651
SYN000840,0.01791,0.03462,0.03911
SYN000841,0.00416,0.00722,0.01791
SYN000842,0.00416,0.01791,0.02174
SYN000843,0.00722,0.02174,0.03462
SYN000844,0.08418,0.21667,0.21667
SYN000845,0.00416,0.01791,0.02174
SYN000846,0.00416,0.00416,0.00722
SYN000847,0.00416,0.00722,0.01791
SYN000848,0.08418,0.08418,0.21667
SYN000849,0.02174,0.03462,0.04651
SYN000850,0.04167,0.08418,0.2
SYN000851,0.01791,0.03462,0.04651
SYN000852,0.00416,0.00722,0.01791
SYN000853,0.01791,0.03462,0.03911
SYN000854,0.03462,0.08418,0.08418
SYN000855,0.01791,0.03462,0.03911
SYN000856,0.00722,0.03462,0.03462
SYN000857,0.00416,0.00722,0.01791
SYN000858,0.01791,0.03462,0.03911
SYN000859,0.0,0.0,0.00416
SYN000860,0.00416,0.01791,0.03462
SYN000861,0.00416,0.00416,0.00722
SYN000862,0.00416,0.01791,0.03462
SYN000863,0.03462,0.04651,0.08418
SYN000864,0.04167,0.08418,0.2
SYN000865,0.00416,0.00416,0.00722
SYN000866,0.00416,0.00722,0.01791
SYN000867,0.00416,0.00416,0.00416
SYN000868,0.03462,0.08418,0.08418
SYN000869,0.2,0.21667,0.74634
SYN000870,0.00416,0.00416,0.00722
SYN000871,0.03462,0.04651,0.08418
SYN000872,0.00416,0.01791,0.03462
SYN000873,0.00722,0.02174,0.03462
SYN000874,0.00722,0.03462,0.03462
SYN000875,0.0,0.0,0.00416
SYN000876,0.0,0.00416,0.00416
SYN000877,0.00722,0.02174,0.03462
SYN000878,0.00416,0.01791,0.02174
SYN000879,0.01791,0.03462,0.03911
SYN000880,0.00416,0.01791,0.02174
SYN000881,0.08418,0.21667,0.21667
SYN000882,0.03462,0.04651,0.08418
SYN000883,0.03462,0.03911,0.0625
SYN000884,0.03911,0.08418,0.08418
SYN000885,0.00416,0.00722,0.01791
SYN000886,0.0,0.00416,0.00416
SYN000887,0.03911,0.08418,0.08418
SYN000888,0.02174,0.03462,0.04651
SYN000889,0.00416,0.00416,0.00722
SYN000890,0.03462,0.04651,0.08418
SYN000891,0.00722,0.02174,0.03462
SYN000892,0.0,0.00416,0.00416
SYN000893,0.01791,0.03462,0.03911
SYN000894,0.02174,0.03911,0.04651
SYN000895,0.00416,0.01791,0.03462
SYN000896,0.03462,0.04651,0.08418
SYN000897,0.04651,0.08418,0.2
SYN000898,0.03911,0.08418,0.08418
SYN000899,0.03462,0.08418,0.08418
SYN000900,0.00416,0.00722,0.01791
SYN000901,0.00416,0.00722,0.01791
SYN000902,0.03911,0.08418,0.08418
SYN000903,0.00416,0.01791,0.02174
SYN000904,0.01791,0.03462,0.03462
SYN000905,0.03462,0.08418,0.08418
SYN000906,0.02174,0.03911,0.04651
SYN000907,0.02174,0.03911,0.04651
SYN000908,0.01791,0.03462,0.03911
SYN000909,0.00416,0.01791,0.03462
SYN000910,0.01791,0.03462,0.03911
SYN000911,0.00416,0.01791,0.02174
SYN000912,0.0,0.00416,0.00416
SYN000913,0.03462,0.0625,0.08418
SYN000914,0.00416,0.01791,0.03462
SYN000915,0.00416,0.00722,0.01791
SYN000916,0.03462,0.08418,0.08418
SYN000917,0.04167,0.08418,0.2
SYN000918,0.00722,0.03462,0.03462
SYN000919,0.00416,0.01791,0.03462
SYN000920,0.04651,0.08418,0.2
SYN000921,0.0,0.00416,0.00416
SYN000922,0.03462,0.08418,0.08418
SYN000923,0.03462,0.0625,0.08418
SYN000924,0.01791,0.03462,0.04651
SYN000925,0.00416,0.00722,0.01791
SYN000926,0.08418,0.2,0.21667
SYN000927,0.00416,0.00722,0.01791
SYN000928,0.00722,0.03462,0.03462
SYN000929,0.0,0.00416,0.00416
SYN000930,0.00722,0.03462,0.03462
SYN000931,0.03462,0.04651,0.08418
SYN000932,0.00416,0.01791,0.03462
SYN000933,0.00416,0.00722,0.01791
SYN000934,0.00416,0.00416,0.00722
SYN000935,0.03911,0.08418,0.08418
SYN000936,0.00722,0.03462,0.03462
SYN000937,0.03911,0.08418,0.08418
SYN000938,0.03462,0.03911,0.04651
SYN000939,0.08418,0.08418,0.21667
SYN000940,0.00722,0.03462,0.03462
SYN000941,0.0,0.00416,0.00416
SYN000942,0.04651,0.08418,0.2
SYN000943,0.00416,0.00416,0.00722
SYN000944,0.00416,0.00416,0.00722
SYN000945,0.00722,0.03462,0.03462
SYN000946,0.0,0.00416,0.00416
SYN000947,0.0,0.00416,0.00416
SYN000948,0.00416,0.00722,0.01791
SYN000949,0.02174,0.03911,0.04651
SYN000950,0.0625,0.08418,0.21667
SYN000951,0.00416,0.00722,0.01791
SYN000952,0.00722,0.02174,0.03462
SYN000953,0.03911,0.08418,0.08418
SYN000954,0.01791,0.03462,0.04651
SYN000955,0.00722,0.02174,0.03462
SYN000956,0.0,0.00416,0.00416
SYN000957,0.00416,0.00722,0.01791
SYN000958,0.01791,0.03462,0.03911
SYN000959,0.02174,0.03462,0.04651
SYN000960,0.00722,0.03462,0.03462
SYN000961,0.0,0.00416,0.00416
SYN000962,0.03462,0.08418,0.08418
SYN000963,0.21667,0.75,0.75
SYN000964,0.03462,0.04651,0.08418
SYN000965,0.0,0.00416,0.00416
SYN000966,0.03462,0.03911,0.04651
SYN000967,0.01791,0.03462,0.03911
SYN000968,0.02174,0.03462,0.04651
SYN000969,0.03462,0.03911,0.0625
SYN000970,0.02174,0.03911,0.04651
SYN000971,0.08418,0.2,0.21667
SYN000972,0.03462,0.08418,0.08418
SYN000973,0.00416,0.01791,0.02174
SYN000974,0.00416,0.00722,0.01791
SYN000975,0.04167,0.08418,0.2
SYN000976,0.00416,0.00416,0.00722
SYN000977,0.00722,0.02174,0.03462
SYN000978,0.03462,0.08418,0.08418
SYN000979,0.03462,0.08418,0.08418
SYN000980,0.01791,0.03462,0.04167
SYN000981,0.0,0.00416,0.00416
SYN000982,0.02174,0.03462,0.04651
SYN000983,0.00416,0.01791,0.03462
SYN000984,0.00722,0.03462,0.03462
SYN000985,0.01791,0.03462,0.04167
SYN000986,0.02174,0.03911,0.04651
SYN000987,0.03462,0.03911,0.08418
SYN000988,0.00722,0.02174,0.03462
SYN000989,0.00416,0.00722,0.01791
SYN000990,0.01791,0.03462,0.03462
SYN000991,0.0,0.00416,0.00416
SYN000992,0.00416,0.00416,0.00416
SYN000993,0.03462,0.08418,0.08418
SYN000994,0.00416,0.00722,0.01791
SYN000995,0.00416,0.00416,0.00722
SYN000996,0.08418,0.21667,0.5434
SYN000997,0.04651,0.08418,0.2
SYN000998,0.08418,0.2,0.21667
SYN000999,0.00416,0.01791,0.02174
SYN001000,0.03462,0.08418,0.08418
SYN001001,0.03462,0.04651,0.08418
SYN001002,0.03911,0.08418,0.08418
SYN001003,0.02174,0.03911,0.04651
SYN001004,0.01791,0.03462,0.03911
SYN001005,0.00416,0.01791,0.02174
SYN001006,0.03462,0.0625,0.08418
SYN001007,0.03462,0.04651,0.08418
SYN001008,0.00416,0.00416,0.00416
SYN001009,0.02174,0.03911,0.04651
SYN001010,0.04651,0.08418,0.2
SYN001011,0.03462,0.03911,0.04651
SYN001012,0.0,0.00416,0.00416
SYN001013,0.00722,0.02174,0.03462
SYN001014,0.01791,0.03462,0.03462
SYN001015,0.03911,0.08418,0.08418
SYN001016,0.00416,0.01791,0.02174
SYN001017,0.00416,0.01791,0.03462
SYN001018,0.08418,0.08418,0.21667
SYN001019,0.00416,0.00722,0.01791
SYN001020,0.00416,0.01791,0.03462
SYN001021,0.00416,0.01791,0.03462
SYN001022,0.02174,0.03911,0.04651
SYN001023,0.00416,0.01791,0.03462
SYN001024,0.02174,0.03462,0.04651
SYN001025,0.00722,0.03462,0.03462
SYN001026,0.01791,0.03462,0.03911
SYN001027,0.04651,0.08418,0.2
SYN001028,0.00416,0.01791,0.03462
SYN001029,0.00416,0.01791,0.03462
SYN001030,0.00416,0.01791,0.03462
SYN001031,0.00416,0.01791,0.02174
SYN001032,0.0,0.00416,0.00416
SYN001033,0.0,0.00416,0.00416
SYN001034,0.00416,0.00416,0.00416
SYN001035,0.03462,0.03911,0.0625
SYN001036,0.00416,0.01791,0.02174
SYN001037,0.0,0.00416,0.00416
SYN001038,0.00416,0.00416,0.00722
SYN001039,0.00416,0.00722,0.01791
SYN001040,0.01791,0.03462,0.03911
SYN001041,0.03462,0.04651,0.08418
SYN001042,0.03911,0.08418,0.08418
SYN001043,0.00722,0.03462,0.03462
SYN001044,0.03462,0.04651,0.08418
SYN001045,0.00416,0.01791,0.03462
SYN001046,0.03462,0.08418,0.08418
SYN001047,0.0,0.0,0.0
SYN001048,0.00416,0.00416,0.00416
SYN001049,0.01791,0.03462,0.03911
SYN001050,0.02174,0.03462,0.04651
SYN001051,0.03462,0.04651,0.08418
SYN001052,0.00722,0.02174,0.03462
SYN001053,0.02174,0.03911,0.04651
SYN001054,0.00416,0.01791,0.03462
SYN001055,0.00416,0.00416,0.00722
SYN001056,0.0,0.0,0.00256
SYN001057,0.08418,0.2,0.21667
SYN001058,0.04167,0.08418,0.2
SYN001059,0.0,0.0,0.00416
SYN001060,0.02174,0.03911,0.04651
SYN001061,0.00722,0.02174,0.03462
SYN001062,0.00416,0.01791,0.02174
SYN001063,0.03911,0.08418,0.08418
SYN001064,0.00416,0.00722,0.01791
SYN001065,0.01791,0.03462,0.03462
SYN001066,0.01791,0.03462,0.03911
SYN001067,0.0,0.00416,0.00416
SYN001068,0.01791,0.03462,0.03911
SYN001069,0.01791,0.03462,0.03911
SYN001070,0.00416,0.00722,0.01791
SYN001071,0.03462,0.08418,0.08418
SYN001072,0.01791,0.03462,0.03911
SYN001073,0.00722,0.03462,0.03462
SYN001074,0.00416,0.00722,0.01791
SYN001075,0.00416,0.00722,0.01791
SYN001076,0.03462,0.04651,0.08418
SYN001077,0.0,0.00416,0.00416
SYN001078,0.08418,0.2,0.21667
SYN001079,0.0,0.00416,0.00416
SYN001080,0.00416,0.01791,0.02174
SYN001081,0.02174,0.03911,0.04651
SYN001082,0.00722,0.0302,0.03462
SYN001083,0.02174,0.03911,0.04651
SYN001084,0.03462,0.04167,0.08418
SYN001085,0.00722,0.03462,0.03462
SYN001086,0.00416,0.00416,0.00722
SYN001087,0.0,0.00416,0.00416
SYN001088,0.00416,0.00722,0.01791
SYN001089,0.01791,0.03462,0.03911
SYN001090,0.00416,0.00416,0.00722
SYN001091,0.03462,0.04651,0.08418
SYN001092,0.00722,0.02174,0.03462
SYN001093,0.01791,0.03462,0.03911
SYN001094,0.08418,0.2,0.21667
SYN001095,0.03462,0.04651,0.08418
SYN001096,0.03733,0.08418,0.08418
SYN001097,0.00416,0.01791,0.03462
SYN001098,0.00416,0.00416,0.00722
SYN001099,0.03911,0.08418,0.08418
SYN001100,0.01791,0.03462,0.03911
SYN001101,0.00416,0.00416,0.00722
SYN001102,0.01791,0.03462,0.03462
SYN001103,0.00416,0.00722,0.01791
SYN001104,0.03462,0.04651,0.08418
SYN001105,0.0,0.00416,0.00416
SYN001106,0.03911,0.08418,0.08418
SYN001107,0.00416,0.00416,0.00722
SYN001108,0.08418,0.21667,0.21667
SYN001109,0.08418,0.21667,0.21667
SYN001110,0.02174,0.03911,0.04651
SYN001111,0.03462,0.08418,0.08418
SYN001112,0.00416,0.01791,0.03462
SYN001113,0.01791,0.03462,0.03911
SYN001114,0.01791,0.03462,0.03911
SYN001115,0.04651,0.08418,0.2
SYN001116,0.00722,0.03462,0.03462
SYN001117,0.01791,0.03462,0.03462
SYN001118,0.03462,0.04651,0.08418
SYN001119,0.00416,0.01791,0.03462
SYN001120,0.03462,0.08418,0.08418
SYN001121,0.08418,0.2,0.21667
SYN001122,0.0,0.0,0.00416
SYN001123,0.08418,0.2,0.21667
SYN001124,0.01791,0.03462,0.03462
SYN001125,0.08418,0.21667,0.21667
SYN001126,0.00416,0.00722,0.01791
SYN001127,0.00416,0.00416,0.00722
SYN001128,0.00416,0.01791,0.03462
SYN001129,0.00722,0.03462,0.03462
SYN001130,0.03462,0.04167,0.08418
SYN001131,0.00416,0.01791,0.02174
SYN001132,0.00722,0.02174,0.03462
SYN001133,0.00722,0.02174,0.03462
SYN001134,0.03462,0.0625,0.08418
SYN001135,0.00722,0.02174,0.03462
SYN001136,0.01791,0.03462,0.03911
SYN001137,0.00416,0.00722,0.01791
SYN001138,0.00722,0.03462,0.03462
SYN001139,0.00416,0.00722,0.01791
SYN001140,0.00722,0.02174,0.03462
SYN001141,0.03462,0.04651,0.08418
SYN001142,0.00722,0.02174,0.03462
SYN001143,0.00416,0.00722,0.01791
SYN001144,0.00416,0.00722,0.01791
SYN001145,0.00416,0.00416,0.00416
SYN001146,0.00416,0.00416,0.00722
SYN001147,0.00416,0.01791,0.02174
SYN001148,0.00416,0.00416,0.00722
SYN001149,0.0,0.00416,0.00416
SYN001150,0.00722,0.02174,0.03462
SYN001151,0.00416,0.00722,0.01791
SYN001152,0.03462,0.0625,0.08418
SYN001153,0.01791,0.03462,0.04167
SYN001154,0.03462,0.04651,0.08418
SYN001155,0.08418,0.2,0.21667
SYN001156,0.00416,0.01791,0.03462
SYN001157,0.01791,0.03462,0.04167
SYN001158,0.00416,0.00416,0.00722
SYN001159,0.00416,0.01791,0.02174
SYN001160,0.03462,0.04651,0.08418
SYN001161,0.03462,0.0625,0.08418
SYN001162,0.00416,0.00416,0.00722
SYN001163,0.01791,0.03462,0.03462
SYN001164,0.08418,0.21667,0.21667
SYN001165,0.00416,0.00722,0.01791
SYN001166,0.0,0.0,0.00416
SYN001167,0.03462,0.04651,0.08418
SYN001168,0.0,0.0,0.0
SYN001169,0.03462,0.08418,0.08418
SYN001170,0.00722,0.02174,0.03462
SYN001171,0.00416,0.00416,0.00416
SYN001172,0.01791,0.03462,0.04651
SYN001173,0.00416,0.00722,0.01791
SYN001174,0.00416,0.01791,0.03462
SYN001175,0.00416,0.01791,0.03462
SYN001176,0.00722,0.03462,0.03462
SYN001177,0.03462,0.04651,0.08418
SYN001178,0.03911,0.08418,0.08418
SYN001179,0.2,0.5,0.75
SYN001180,0.00416,0.00416,0.00416
SYN001181,0.03911,0.08418,0.08418
SYN001182,0.01791,0.03462,0.03911
SYN001183,0.01791,0.03462,0.03911
SYN001184,0.04651,0.08418,0.21667
SYN001185,0.00416,0.01791,0.02174
SYN001186,0.0,0.00416,0.00416
SYN001187,0.02174,0.03911,0.04651
SYN001188,0.03462,0.08418,0.08418
SYN001189,0.00416,0.01791,0.03462
SYN001190,0.00416,0.00416,0.00722
SYN001191,0.00722,0.03462,0.03462
SYN001192,0.00416,0.00416,0.00722
SYN001193,0.00722,0.03462,0.03462
SYN001194,0.00722,0.02174,0.03462
SYN001195,0.08418,0.08418,0.21667
SYN001196,0.00416,0.00416,0.00416
SYN001197,0.00722,0.03462,0.03462
SYN001198,0.00416,0.00416,0.00416
SYN001199,0.01791,0.03462,0.03462
SYN001200,0.03462,0.04651,0.08418
SYN001201,0.00722,0.03462,0.03462
SYN001202,0.0,0.0,0.00416
SYN001203,0.00416,0.00416,0.00722
SYN001204,0.03462,0.04651,0.08418
SYN001205,0.00722,0.02174,0.03462
SYN001206,0.03462,0.04651,0.08418
SYN001207,0.00722,0.02174,0.03462
SYN001208,0.00416,0.01791,0.02174
SYN001209,0.0,0.0,0.0
SYN001210,0.03462,0.04651,0.08418
SYN001211,0.0,0.00416,0.00416
SYN001212,0.00416,0.01791,0.02174
SYN001213,0.02174,0.03911,0.04651
SYN001214,0.00416,0.00722,0.01791
SYN001215,0.01791,0.03462,0.04167
SYN001216,0.02174,0.03911,0.04651
SYN001217,0.08418,0.2,0.21667
SYN001218,0.00416,0.00416,0.00722
SYN001219,0.08418,0.2,0.21667
SYN001220,0.03911,0.08418,0.08418
SYN001221,0.08418,0.21667,0.21667
SYN001222,0.01791,0.03462,0.03911
SYN001223,0.03462,0.04651,0.08418
SYN001224,0.03911,0.08418,0.08418
SYN001225,0.0,0.00416,0.00416
SYN001226,0.00416,0.01791,0.03462
SYN001227,0.00416,0.01791,0.02174
SYN001228,0.00416,0.01791,0.01791
SYN001229,0.03462,0.04651,0.08418
SYN001230,0.03462,0.03911,0.04651
SYN001231,0.00416,0.01791,0.02174
SYN001232,0.03911,0.08418,0.08418
SYN001233,0.00416,0.00416,0.00722
SYN001234,0.03462,0.04651,0.08418
SYN001235,0.03462,0.04651,0.08418
SYN001236,0.08418,0.08418,0.21667
SYN001237,0.00416,0.00722,0.01791
SYN001238,0.03911,0.08418,0.08418
SYN001239,0.03462,0.04651,0.08418
SYN001240,0.01791,0.03462,0.03462
SYN001241,0.03462,0.04651,0.08418
SYN001242,0.00416,0.00416,0.00722
SYN001243,0.03462,0.04651,0.08418
SYN001244,0.00416,0.00416,0.00722
SYN001245,0.03462,0.08418,0.08418
SYN001246,0.01791,0.03462,0.03462
SYN001247,0.03462,0.03911,0.04651
SYN001248,0.00416,0.00416,0.00722
SYN001249,0.00416,0.00416,0.00722
SYN001250,0.08418,0.2,0.21667
SYN001251,0.03462,0.08418,0.08418
SYN001252,0.00416,0.01791,0.02174
SYN001253,0.00722,0.02174,0.03462
SYN001254,0.21667,0.5,0.75
SYN001255,0.00416,0.01791,0.02174
SYN001256,0.00416,0.00416,0.00722
SYN001257,0.00416,0.01791,0.02174
SYN001258,0.00416,0.00722,0.01791
SYN001259,0.03462,0.04167,0.08418
SYN001260,0.03911,0.08418,0.08418
SYN001261,0.00416,0.01791,0.02174
SYN001262,0.00416,0.00722,0.01791
SYN001263,0.01791,0.03462,0.03911
SYN001264,0.00416,0.00722,0.01791
SYN001265,0.00416,0.00416,0.00722
SYN001266,0.03462,0.03911,0.0625
SYN001267,0.03462,0.0625,0.08418
SYN001268,0.01791,0.03462,0.03911
SYN001269,0.01791,0.03462,0.03911
SYN001270,0.03462,0.03911,0.08418
SYN001271,0.00416,0.00416,0.00416
SYN001272,0.01791,0.03462,0.04651
SYN001273,0.04651,0.08418,0.2
SYN001274,0.03462,0.08418,0.08418
SYN001275,0.01791,0.03462,0.03462
SYN001276,0.08418,0.2,0.21667
SYN001277,0.00416,0.01791,0.02174
SYN001278,0.00722,0.03462,0.03462
SYN001279,0.03462,0.04651,0.08418
SYN001280,0.0,0.00416,0.00416
SYN001281,0.03462,0.08418,0.08418
SYN001282,0.02174,0.03462,0.04651
SYN001283,0.00722,0.03462,0.03462
SYN001284,0.01791,0.03462,0.03911
SYN001285,0.01791,0.03462,0.03462
SYN001286,0.00416,0.01791,0.02174
SYN001287,0.01791,0.03462,0.03911
SYN001288,0.00722,0.03462,0.03462
SYN001289,0.08418,0.2,0.21667
SYN001290,0.03462,0.04167,0.08418
SYN001291,0.01791,0.03462,0.03911
SYN001292,0.00416,0.00722,0.01791
SYN001293,0.02174,0.03462,0.04651
SYN001294,0.00416,0.00416,0.00722
SYN001295,0.00722,0.03462,0.03462
SYN001296,0.02174,0.03462,0.04651
SYN001297,0.04167,0.08418,0.2
SYN001298,0.00416,0.01791,0.03462
SYN001299,0.0,0.00416,0.00416
SYN001300,0.03462,0.08418,0.08418
SYN001301,0.01791,0.03462,0.03911
SYN001302,0.00416,0.00416,0.00416
SYN001303,0.00722,0.03462,0.03462
SYN001304,0.00416,0.01791,0.02174
SYN001305,0.00722,0.02174,0.03462
SYN001306,0.00416,0.01791,0.01791
SYN001307,0.03462,0.03911,0.0625
SYN001308,0.03462,0.04651,0.08418
SYN001309,0.01791,0.03462,0.03911
SYN001310,0.03462,0.04651,0.08418
SYN001311,0.00416,0.00416,0.00722
SYN001312,0.03462,0.04651,0.08418
SYN001313,0.03462,0.04651,0.08418
SYN001314,0.04651,0.08418,0.2
SYN001315,0.00416,0.01791,0.03462
SYN001316,0.01791,0.03462,0.03911
SYN001317,0.03462,0.08418,0.08418
SYN001318,0.00416,0.01791,0.02174
SYN001319,0.00416,0.00722,0.01791
SYN001320,0.00416,0.01791,0.03462
SYN001321,0.01791,0.03462,0.03911
SYN001322,0.00416,0.01791,0.03462
SYN001323,0.01791,0.03462,0.03911
SYN001324,0.00722,0.03462,0.03462
SYN001325,0.00416,0.00416,0.00722
SYN001326,0.01791,0.03462,0.03911
SYN001327,0.00416,0.01791,0.03462
SYN001328,0.00416,0.01791,0.03462
SYN001329,0.01791,0.03462,0.03911
SYN001330,0.00722,0.02174,0.03462
SYN001331,0.0,0.00416,0.00416
SYN001332,0.01791,0.03462,0.03911
SYN001333,0.03462,0.04651,0.08418
SYN001334,0.03462,0.08418,0.08418
SYN001335,0.0,0.00416,0.00416
SYN001336,0.08418,0.21667,0.21667
SYN001337,0.02174,0.03462,0.04651
SYN001338,0.00416,0.00722,0.01791
SYN001339,0.00416,0.01791,0.03462
SYN001340,0.02174,0.03911,0.04651
SYN001341,0.0,0.00416,0.00416
SYN001342,0.00416,0.01791,0.02174
SYN001343,0.03462,0.04167,0.08418
SYN001344,0.02174,0.03911,0.04651
SYN001345,0.03911,0.08418,0.08418
SYN001346,0.00416,0.01791,0.03462
SYN001347,0.0,0.0,0.0
SYN001348,0.00416,0.00722,0.01791
SYN001349,0.03911,0.08418,0.08418
SYN001350,0.00416,0.01791,0.03462
SYN001351,0.00416,0.00722,0.01791
SYN001352,0.01791,0.03462,0.04167
SYN001353,0.03462,0.03911,0.08418
SYN001354,0.00416,0.00416,0.00722
SYN001355,0.04651,0.08418,0.2
SYN001356,0.00722,0.03462,0.03462
SYN001357,0.00416,0.00722,0.01791
SYN001358,0.00416,0.01791,0.01791
SYN001359,0.21667,0.5,0.75
SYN001360,0.03462,0.04167,0.08418
SYN001361,0.0,0.00416,0.00416
SYN001362,0.03462,0.08418,0.08418
SYN001363,0.02174,0.03462,0.04651
SYN001364,0.00416,0.00722,0.01791
SYN001365,0.01791,0.03462,0.03911
SYN001366,0.03462,0.04651,0.08418
SYN001367,0.08418,0.2,0.21667
SYN001368,0.02174,0.03911,0.04651
SYN001369,0.00416,0.00722,0.01791
SYN001370,0.01791,0.03462,0.04167
SYN001371,0.00416,0.00722,0.01791
SYN001372,0.01791,0.03462,0.03462
SYN001373,0.0,0.00416,0.00416
SYN001374,0.00722,0.03462,0.03462
SYN001375,0.03462,0.03911,0.0625
SYN001376,0.03462,0.08418,0.08418
SYN001377,0.00416,0.00722,0.01791
SYN001378,0.03462,0.08418,0.08418
SYN001379,0.03462,0.04167,0.08418
SYN001380,0.00416,0.00722,0.01791
SYN001381,0.08418,0.08418,0.21667
SYN001382,0.03462,0.03911,0.04651
SYN001383,0.01791,0.03462,0.04167
SYN001384,0.03462,0.03911,0.08418
SYN001385,0.03462,0.04651,0.08418
SYN001386,0.00416,0.01791,0.02174
SYN001387,0.02174,0.03911,0.04651
SYN001388,0.00722,0.03462,0.03462
SYN001389,0.08418,0.2,0.21667
SYN001390,0.00416,0.00416,0.00416
SYN001391,0.00416,0.00416,0.00416
SYN001392,0.03911,0.08418,0.08418
SYN001393,0.08418,0.21667,0.21667
SYN001394,0.00416,0.00722,0.01791
SYN001395,0.03911,0.08418,0.08418
SYN001396,0.00416,0.00722,0.01791
SYN001397,0.00416,0.00416,0.00722
SYN001398,0.04651,0.08418,0.2
SYN001399,0.00416,0.00416,0.00722
SYN001400,0.03462,0.04651,0.08418
SYN001401,0.04651,0.08418,0.2
SYN001402,0.00722,0.02174,0.03462
SYN001403,0.03462,0.03911,0.0625
SYN001404,0.08418,0.2,0.21667
SYN001405,0.03462,0.04167,0.08418
SYN001406,0.02174,0.03462,0.04651
SYN001407,0.08418,0.21667,0.21667
SYN001408,0.00416,0.00416,0.00722
SYN001409,0.00416,0.00722,0.01791
SYN001410,0.00416,0.00416,0.00416
SYN001411,0.03462,0.08418,0.08418
SYN001412,0.01791,0.03462,0.04167
SYN001413,0.01791,0.03462,0.03911
SYN001414,0.08418,0.21667,0.5
SYN001415,0.00416,0.01791,0.03462
SYN001416,0.03911,0.08418,0.08418
SYN001417,0.01791,0.03462,0.03462
SYN001418,0.0,0.00416,0.00416
SYN001419,0.00416,0.01791,0.03462
SYN001420,0.00416,0.01791,0.03462
SYN001421,0.02174,0.03911,0.04651
SYN001422,0.01791,0.03462,0.03911
SYN001423,0.0,0.00416,0.00416
SYN001424,0.03462,0.04651,0.08418
SYN001425,0.00722,0.02174,0.03462
SYN001426,0.01791,0.03462,0.03462
SYN001427,0.04167,0.08418,0.2
SYN001428,0.00416,0.00722,0.01791
SYN001429,0.00722,0.02174,0.03462
SYN001430,0.00416,0.00722,0.01791
SYN001431,0.01791,0.03462,0.03911
SYN001432,0.04651,0.08418,0.2
SYN001433,0.03911,0.08418,0.08418
SYN001434,0.01791,0.03462,0.03911
SYN001435,0.04167,0.08418,0.2
SYN001436,0.04167,0.08418,0.2
SYN001437,0.00416,0.00722,0.01791
SYN001438,0.03462,0.04167,0.08418
SYN001439,0.01791,0.03462,0.03462
SYN001440,0.00416,0.01791,0.02174
SYN001441,0.03462,0.04167,0.08418
SYN001442,0.08418,0.21667,0.21667
SYN001443,0.08418,0.2,0.21667
SYN001444,0.02174,0.03911,0.04651
SYN001445,0.03462,0.04651,0.08418
SYN001446,0.00416,0.01791,0.03462
SYN001447,0.03911,0.08418,0.08418
SYN001448,0.03911,0.08418,0.08418
SYN001449,0.02174,0.03911,0.04651
SYN001450,0.00416,0.00416,0.00722
SYN001451,0.03911,0.08418,0.08418
SYN001452,0.0,0.00416,0.00416
SYN001453,0.00416,0.01791,0.02174
SYN001454,0.00416,0.00722,0.01791
SYN001455,0.01791,0.03462,0.03911
SYN001456,0.00416,0.00416,0.00722
SYN001457,0.00416,0.00416,0.00722
SYN001458,0.00416,0.01791,0.01791
SYN001459,0.00722,0.02174,0.03462
SYN001460,0.02174,0.03911,0.04651
SYN001461,0.03462,0.08418,0.08418
SYN001462,0.03462,0.08418,0.08418
SYN001463,0.03462,0.04651,0.08418
SYN001464,0.00416,0.01791,0.02174
SYN001465,0.00722,0.02174,0.03462
SYN001466,0.00416,0.01791,0.03462
SYN001467,0.03462,0.08418,0.08418
SYN001468,0.00416,0.00722,0.01791
SYN001469,0.03462,0.08418,0.08418
SYN001470,0.03462,0.08418,0.08418
SYN001471,0.03462,0.03911,0.08418
SYN001472,0.03462,0.03911,0.08418
SYN001473,0.01791,0.03462,0.03911
SYN001474,0.00416,0.00722,0.01791
SYN001475,0.01791,0.03462,0.03911
SYN001476,0.00416,0.00722,0.01791
SYN001477,0.00416,0.00416,0.00416
SYN001478,0.0,0.00416,0.00416
SYN001479,0.0,0.00416,0.00416
SYN001480,0.00416,0.01791,0.01791
SYN001481,0.04651,0.08418,0.2
SYN001482,0.0625,0.08418,0.21667
SYN001483,0.03911,0.08418,0.08418
SYN001484,0.01791,0.03462,0.04167
SYN001485,0.03462,0.08418,0.08418
SYN001486,0.03911,0.08418,0.08418
SYN001487,0.03462,0.04167,0.08418
SYN001488,0.00416,0.00416,0.00722
SYN001489,0.00416,0.00722,0.01791
SYN001490,0.08418,0.21667,0.21667
SYN001491,0.01791,0.03462,0.03462
SYN001492,0.08418,0.2,0.21667
SYN001493,0.00722,0.02174,0.03462
SYN001494,0.0,0.00416,0.00416
SYN001495,0.02174,0.03462,0.04651
SYN001496,0.00416,0.00722,0.01791
SYN001497,0.03462,0.08418,0.08418
SYN001498,0.00722,0.02174,0.03462
SYN001499,0.03462,0.04651,0.08418
SYN001500,0.00722,0.02174,0.03462
SYN001501,0.00722,0.03462,0.03462
SYN001502,0.01791,0.03462,0.03911
SYN001503,0.00416,0.01791,0.03462
SYN001504,0.0,0.00416,0.00416
SYN001505,0.0,0.00416,0.00416
SYN001506,0.03462,0.08418,0.08418
SYN001507,0.03462,0.04651,0.08418
SYN001508,0.01791,0.03462,0.03911
SYN001509,0.00722,0.02174,0.03462
SYN001510,0.08418,0.08418,0.21667
SYN001511,0.01791,0.03462,0.03911
SYN001512,0.03462,0.08418,0.08418
SYN001513,0.00416,0.00722,0.01791
SYN001514,0.00416,0.00416,0.00722
SYN001515,0.00416,0.01791,0.03462
SYN001516,0.03462,0.04651,0.08418
SYN001517,0.02174,0.03462,0.04651
SYN001518,0.03911,0.08418,0.08418
SYN001519,0.08418,0.2,0.21667
SYN001520,0.01791,0.03462,0.04651
SYN001521,0.04167,0.08418,0.2
SYN001522,0.0,0.00416,0.00416
SYN001523,0.0,0.00416,0.00416
SYN001524,0.00416,0.00416,0.00722
SYN001525,0.03462,0.04167,0.08418
SYN001526,0.01791,0.03462,0.03911
SYN001527,0.0,0.00416,0.00416
SYN001528,0.03462,0.08418,0.08418
SYN001529,0.00416,0.00416,0.00722
SYN001530,0.00416,0.00416,0.00416
SYN001531,0.03911,0.08418,0.08418
SYN001532,0.03462,0.08418,0.08418
SYN001533,0.00416,0.00722,0.01791
SYN001534,0.03462,0.08418,0.08418
SYN001535,0.01791,0.03462,0.03462
SYN001536,0.00722,0.03462,0.03462
SYN001537,0.0,0.00416,0.00416
SYN001538,0.0,0.00416,0.00416
SYN001539,0.0,0.00416,0.00416
SYN001540,0.00416,0.00722,0.01791
SYN001541,0.00416,0.00416,0.00722
SYN001542,0.00416,0.01791,0.03462
SYN001543,0.01791,0.03462,0.03911
SYN001544,0.00416,0.01791,0.02174
SYN001545,0.00416,0.00416,0.00722
SYN001546,0.00416,0.00416,0.00416
SYN001547,0.00416,0.00416,0.00416
SYN001548,0.0,0.00416,0.00416
SYN001549,0.00416,0.01791,0.03462
SYN001550,0.03462,0.04167,0.08418
SYN001551,0.00416,0.00722,0.01791
SYN001552,0.00416,0.01791,0.02152
SYN001553,0.01791,0.03462,0.03911
SYN001554,0.00416,0.00722,0.01791
SYN001555,0.00416,0.00416,0.00722
SYN001556,0.00416,0.00416,0.00416
SYN001557,0.00416,0.00722,0.01791
SYN001558,0.01791,0.03462,0.03462
SYN001559,0.00722,0.02174,0.03462
SYN001560,0.03911,0.08418,0.08418
SYN001561,0.00416,0.01791,0.03462
SYN001562,0.00416,0.00416,0.00722
SYN001563,0.00416,0.01791,0.02174
SYN001564,0.00416,0.01791,0.02174
SYN001565,0.0,0.00416,0.00416
SYN001566,0.03911,0.08418,0.08418
SYN001567,0.03911,0.08418,0.08418
SYN001568,0.03462,0.04651,0.08418
SYN001569,0.00416,0.00416,0.00416
SYN001570,0.01791,0.03462,0.04167
SYN001571,0.08418,0.2,0.21667
SYN001572,0.03462,0.03911,0.0625
SYN001573,0.00416,0.00416,0.00416
SYN001574,0.08418,0.2,0.21667
SYN001575,0.01791,0.03462,0.03911
SYN001576,0.00416,0.00416,0.00722
SYN001577,0.00722,0.03462,0.03462
SYN001578,0.03462,0.08418,0.08418
SYN001579,0.00416,0.00722,0.01791
SYN001580,0.00416,0.01791,0.02174
SYN001581,0.03462,0.04651,0.08418
SYN001582,0.00416,0.00416,0.00722
SYN001583,0.0,0.00416,0.00416
SYN001584,0.01791,0.03462,0.03911
SYN001585,0.01791,0.03462,0.03911
SYN001586,0.00722,0.03462,0.03462
SYN001587,0.00416,0.01791,0.01791
SYN001588,0.00416,0.01791,0.02174
SYN001589,0.03911,0.08418,0.08418
SYN001590,0.03462,0.03911,0.0625
SYN001591,0.03911,0.08418,0.08418
SYN001592,0.0,0.00416,0.00416
SYN001593,0.00722,0.03462,0.03462
SYN001594,0.00416,0.00416,0.00416
SYN001595,0.00416,0.00416,0.00722
SYN001596,0.01791,0.03462,0.03462
SYN001597,0.03462,0.08418,0.08418
SYN001598,0.00416,0.00416,0.00722
SYN001599,0.00416,0.01791,0.02174
SYN001600,0.00416,0.00416,0.00722
SYN001601,0.21667,0.5,0.75
SYN001602,0.02174,0.03462,0.04651
SYN001603,0.00416,0.00722,0.01791
SYN001604,0.00722,0.03462,0.03462
SYN001605,0.02174,0.03911,0.04651
SYN001606,0.03462,0.04651,0.08418
SYN001607,0.00722,0.03462,0.03462
SYN001608,0.00416,0.00416,0.00416
SYN001609,0.0,0.00416,0.00416
SYN001610,0.01791,0.03462,0.03911
SYN001611,0.00416,0.01791,0.02174
SYN001612,0.00416,0.00722,0.01791
SYN001613,0.00416,0.01791,0.03462
SYN001614,0.00416,0.01791,0.02174
SYN001615,0.03462,0.08418,0.08418
SYN001616,0.01791,0.03462,0.04167
SYN001617,0.03462,0.03911,0.04651
SYN001618,0.03462,0.04651,0.08418
SYN001619,0.02174,0.03462,0.04651
SYN001620,0.08418,0.2,0.21667
SYN001621,0.01791,0.03462,0.03462
SYN001622,0.0,0.00416,0.00416
SYN001623,0.03911,0.08418,0.08418
SYN001624,0.0,0.00416,0.00416
SYN001625,0.03462,0.03911,0.08418
SYN001626,0.00416,0.00416,0.00722
SYN001627,0.03911,0.08418,0.08418
SYN001628,0.04651,0.08418,0.2
SYN001629,0.00416,0.00416,0.00722
SYN001630,0.0,0.0,0.00416
SYN001631,0.00416,0.01791,0.02174
SYN001632,0.03911,0.08418,0.08418
SYN001633,0.00416,0.01791,0.03462
SYN001634,0.03911,0.08418,0.08418
SYN001635,0.00416,0.01791,0.03462
SYN001636,0.02174,0.03462,0.04651
SYN001637,0.00416,0.00722,0.01791
SYN001638,0.00722,0.03462,0.03462
SYN001639,0.03911,0.08418,0.08418
SYN001640,0.00722,0.03462,0.03462
SYN001641,0.03911,0.08418,0.08418
SYN001642,0.00416,0.00416,0.00416
SYN001643,0.03911,0.08418,0.08418
SYN001644,0.02174,0.03911,0.04651
SYN001645,0.00416,0.00722,0.01791
SYN001646,0.00722,0.02174,0.03462
SYN001647,0.01791,0.03462,0.03462
SYN001648,0.00416,0.00416,0.00722
SYN001649,0.00416,0.00416,0.00722
SYN001650,0.00722,0.03462,0.03462
SYN001651,0.00416,0.00416,0.00416
SYN001652,0.03462,0.03911,0.08418
SYN001653,0.08418,0.2,0.21667
SYN001654,0.01791,0.03462,0.04167
SYN001655,0.00416,0.00416,0.00722
SYN001656,0.00416,0.01791,0.03462
SYN001657,0.00416,0.00416,0.00722
SYN001658,0.00416,0.01791,0.03462
SYN001659,0.01791,0.03462,0.03911
SYN001660,0.01791,0.03462,0.03911
SYN001661,0.04651,0.08418,0.2
SYN001662,0.00416,0.00722,0.01791
SYN001663,0.03911,0.08418,0.08418
SYN001664,0.01791,0.03462,0.03911
SYN001665,0.00416,0.00722,0.01791
SYN001666,0.00416,0.00722,0.01791
SYN001667,0.01791,0.03462,0.04651
SYN001668,0.03462,0.03911,0.04651
SYN001669,0.0,0.00416,0.00416
SYN001670,0.01791,0.03462,0.03911
SYN001671,0.00722,0.02174,0.03462
SYN001672,0.00416,0.00722,0.01791
SYN001673,0.01791,0.03462,0.03462
SYN001674,0.0,0.00416,0.00416
SYN001675,0.00416,0.00416,0.00722
SYN001676,0.00722,0.03462,0.03462
SYN001677,0.0,0.00416,0.00416
SYN001678,0.0,0.0,0.00416
SYN001679,0.00722,0.03462,0.03462
SYN001680,0.03462,0.04651,0.08418
SYN001681,0.00416,0.01791,0.01791
SYN001682,0.00416,0.00722,0.01791
SYN001683,0.01791,0.03462,0.04167
SYN001684,0.04651,0.08418,0.2
SYN001685,0.00416,0.00416,0.00416
SYN001686,0.0,0.00416,0.00416
SYN001687,0.0,0.00416,0.00416
SYN001688,0.01791,0.03462,0.03911
SYN001689,0.01791,0.03462,0.04651
SYN001690,0.00416,0.00416,0.00722
SYN001691,0.00722,0.03462,0.03462
SYN001692,0.0,0.00416,0.00416
SYN001693,0.00416,0.00416,0.00722
SYN001694,0.00416,0.01791,0.03462
SYN001695,0.03911,0.08418,0.08418
SYN001696,0.08418,0.21667,0.36225
SYN001697,0.0,0.00416,0.00416
SYN001698,0.03911,0.08418,0.08418
SYN001699,0.0,0.00416,0.00416
SYN001700,0.0,0.00416,0.00416
SYN001701,0.02174,0.03462,0.04651
SYN001702,0.00416,0.01791,0.03462
SYN001703,0.08418,0.21667,0.21667
SYN001704,0.0,0.00416,0.00416
SYN001705,0.00416,0.01791,0.03462
SYN001706,0.03462,0.08418,0.08418
SYN001707,0.0,0.00416,0.00416
SYN001708,0.00416,0.01791,0.02174
SYN001709,0.00416,0.00416,0.00722
SYN001710,0.01791,0.03462,0.03911
SYN001711,0.00416,0.00722,0.01791
SYN001712,0.00722,0.03462,0.03462
SYN001713,0.0,0.00416,0.00416
SYN001714,0.01791,0.03462,0.04167
SYN001715,0.0,0.0,0.00416
SYN001716,0.03462,0.08418,0.08418
SYN001717,0.03911,0.08418,0.08418
SYN001718,0.03462,0.08418,0.08418
SYN001719,0.0,0.00416,0.00416
SYN001720,0.08418,0.2,0.21667
SYN001721,0.03462,0.08418,0.08418
SYN001722,0.00416,0.01791,0.03462
SYN001723,0.00722,0.02174,0.03462
SYN001724,0.00416,0.00416,0.00722
SYN001725,0.03911,0.08418,0.08418
SYN001726,0.0,0.00416,0.00416
SYN001727,0.00416,0.01791,0.03462
SYN001728,0.00722,0.03462,0.03462
SYN001729,0.00722,0.03462,0.03462
SYN001730,0.00722,0.02174,0.03462
SYN001731,0.08418,0.21667,0.21667
SYN001732,0.00416,0.01791,0.03462
SYN001733,0.00416,0.01791,0.03462
SYN001734,0.0,0.0,0.0
SYN001735,0.00416,0.00416,0.00722
SYN001736,0.00722,0.02174,0.03462
SYN001737,0.03462,0.04167,0.08418
SYN001738,0.00722,0.03462,0.03462
SYN001739,0.00416,0.00722,0.01791
SYN001740,0.00416,0.01791,0.02174
SYN001741,0.00416,0.01791,0.03462
SYN001742,0.0625,0.08418,0.21667
SYN001743,0.01791,0.03462,0.03911
SYN001744,0.00416,0.00416,0.00416
SYN001745,0.03462,0.03911,0.04651
SYN001746,0.01791,0.03462,0.03911
SYN001747,0.03462,0.04651,0.08418
SYN001748,0.01791,0.03462,0.03911
SYN001749,0.03462,0.04651,0.08418
SYN001750,0.03462,0.04651,0.08418
SYN001751,0.03462,0.04651,0.08418
SYN001752,0.00416,0.00416,0.00722
SYN001753,0.00722,0.02174,0.03462
SYN001754,0.03462,0.04651,0.08418
SYN001755,0.03462,0.04651,0.08418
SYN001756,0.01791,0.03462,0.04167
SYN001757,0.03462,0.04167,0.08418
SYN001758,0.00416,0.00416,0.00416
SYN001759,0.00722,0.03462,0.03462
SYN001760,0.00416,0.00722,0.01791
SYN001761,0.03911,0.08418,0.08418
SYN001762,0.08418,0.08418,0.21667
SYN001763,0.03462,0.08418,0.08418
SYN001764,0.03462,0.04651,0.08418
SYN001765,0.04651,0.08418,0.2
SYN001766,0.01791,0.03462,0.03911
SYN001767,0.04651,0.08418,0.2
SYN001768,0.08418,0.21667,0.21667
SYN001769,0.00416,0.00722,0.01791
SYN001770,0.04651,0.08418,0.2
SYN001771,0.03462,0.03911,0.08418
SYN001772,0.02174,0.03911,0.04651
SYN001773,0.00416,0.00722,0.00722
SYN001774,0.08418,0.2,0.21667
SYN001775,0.00416,0.00416,0.00722
SYN001776,0.00722,0.02174,0.03462
SYN001777,0.01791,0.03462,0.03462
SYN001778,0.0,0.00416,0.00416
SYN001779,0.00722,0.03462,0.03462
SYN001780,0.03462,0.03911,0.08418
SYN001781,0.01791,0.03462,0.03911
SYN001782,0.0,0.00416,0.00416
SYN001783,0.2,0.21667,0.73423
SYN001784,0.00416,0.01791,0.02174
SYN001785,0.00416,0.01791,0.02174
SYN001786,0.00416,0.00722,0.01791
SYN001787,0.00416,0.00722,0.01791
SYN001788,0.00416,0.00416,0.00416
SYN001789,0.08418,0.21667,0.21667
SYN001790,0.00416,0.01791,0.03462
SYN001791,0.00416,0.00416,0.00722
SYN001792,0.03462,0.03911,0.08418
SYN001793,0.00722,0.02174,0.03462
SYN001794,0.0,0.00416,0.00416
SYN001795,0.01791,0.03462,0.03911
SYN001796,0.03462,0.04651,0.08418
SYN001797,0.00416,0.01791,0.03462
SYN001798,0.00416,0.01791,0.02174
SYN001799,0.03462,0.08418,0.08418
SYN001800,0.00722,0.03462,0.03462
SYN001801,0.00722,0.03462,0.03462
SYN001802,0.00722,0.03462,0.03462
SYN001803,0.03462,0.04167,0.08418
SYN001804,0.00416,0.00722,0.01791
SYN001805,0.00416,0.00416,0.00416
SYN001806,0.03462,0.08418,0.08418
SYN001807,0.00416,0.00416,0.00416
SYN001808,0.00416,0.00416,0.00722
SYN001809,0.00722,0.02174,0.03462
SYN001810,0.00416,0.00722,0.01791
SYN001811,0.00722,0.02174,0.03462
SYN001812,0.00416,0.01791,0.03462
SYN001813,0.00416,0.00416,0.00722
SYN001814,0.00416,0.01791,0.02174
SYN001815,0.03462,0.03911,0.0625
SYN001816,0.00416,0.01791,0.02174
SYN001817,0.01791,0.03462,0.03462
SYN001818,0.03462,0.0625,0.08418
SYN001819,0.03462,0.04651,0.08418
SYN001820,0.00722,0.02174,0.03462
SYN001821,0.01791,0.03462,0.03462
SYN001822,0.08418,0.21667,0.21667
SYN001823,0.08418,0.21667,0.5
SYN001824,0.00416,0.00416,0.00722
SYN001825,0.03911,0.08418,0.08418
SYN001826,0.00416,0.01791,0.03462
SYN001827,0.00416,0.00722,0.01791
SYN001828,0.00416,0.01791,0.02174
SYN001829,0.00722,0.03462,0.03462
SYN001830,0.0,0.00416,0.00416
SYN001831,0.00416,0.01791,0.02174
SYN001832,0.02174,0.03911,0.04651
SYN001833,0.03911,0.08418,0.08418
SYN001834,0.02174,0.03462,0.04651
SYN001835,0.03911,0.08418,0.08418
SYN001836,0.00416,0.01791,0.02174
SYN001837,0.00416,0.00722,0.01791
SYN001838,0.00416,0.00722,0.01791
SYN001839,0.00416,0.00722,0.01791
SYN001840,0.02174,0.03462,0.04651
SYN001841,0.01791,0.03462,0.03911
SYN001842,0.03462,0.04651,0.08418
SYN001843,0.01791,0.03462,0.03911
SYN001844,0.03462,0.03911,0.0625
SYN001845,0.04651,0.08418,0.2
SYN001846,0.00416,0.01791,0.03462
SYN001847,0.02174,0.03911,0.04651
SYN001848,0.00416,0.00416,0.00722
SYN001849,0.00416,0.00722,0.01791
SYN001850,0.0,0.00416,0.00416
SYN001851,0.0,0.00416,0.00416
SYN001852,0.02174,0.03911,0.04651
SYN001853,0.00416,0.00416,0.00416
SYN001854,0.0,0.00416,0.00416
SYN001855,0.03462,0.04167,0.08418
SYN001856,0.00416,0.00416,0.00722
SYN001857,0.00722,0.03462,0.03462
SYN001858,0.03462,0.04651,0.08418
SYN001859,0.00722,0.02174,0.03462
SYN001860,0.00722,0.02174,0.03462
SYN001861,0.01791,0.03462,0.03462
SYN001862,0.03462,0.04651,0.08418
SYN001863,0.03462,0.04651,0.08418
SYN001864,0.03462,0.08418,0.08418
SYN001865,0.0,0.00416,0.00416
SYN001866,0.03462,0.03911,0.0625
SYN001867,0.03911,0.08418,0.08418
SYN001868,0.01791,0.03462,0.03911
SYN001869,0.0,0.00416,0.00416
SYN001870,0.02174,0.03911,0.04651
SYN001871,0.01791,0.03462,0.03911
SYN001872,0.00416,0.01791,0.03462
SYN001873,0.01791,0.03462,0.03911
SYN001874,0.00416,0.00416,0.00722
SYN001875,0.0,0.00416,0.00416
SYN001876,0.00722,0.02174,0.03462
SYN001877,0.00722,0.03462,0.03462
SYN001878,0.03462,0.03911,0.04651
SYN001879,0.04651,0.08418,0.2
SYN001880,0.00416,0.00416,0.00722
SYN001881,0.01791,0.03462,0.04167
SYN001882,0.00722,0.02174,0.03462
SYN001883,0.00416,0.00416,0.00722
SYN001884,0.00416,0.01791,0.01791
SYN001885,0.00722,0.02174,0.03462
SYN001886,0.03462,0.04651,0.08418
SYN001887,0.03462,0.04651,0.08418
SYN001888,0.0,0.00416,0.00416
SYN001889,0.01791,0.03462,0.03911
SYN001890,0.00416,0.00416,0.00722
SYN001891,0.00722,0.02174,0.03462
SYN001892,0.00722,0.03462,0.03462
SYN001893,0.04167,0.08418,0.2
SYN001894,0.03462,0.03911,0.04651
SYN001895,0.02174,0.03911,0.04651
SYN001896,0.03911,0.08418,0.08418
SYN001897,0.00722,0.03462,0.03462
SYN001898,0.00722,0.02174,0.03462
SYN001899,0.00722,0.03462,0.03462
SYN001900,0.03462,0.08418,0.08418
SYN001901,0.03462,0.08418,0.08418
SYN001902,0.00416,0.00722,0.01791
SYN001903,0.01791,0.03462,0.03911
SYN001904,0.03462,0.04651,0.08418
SYN001905,0.03462,0.03911,0.0625
SYN001906,0.02174,0.03911,0.04651
SYN001907,0.02174,0.03911,0.04651
SYN001908,0.00416,0.00722,0.01791
SYN001909,0.01791,0.03462,0.04167
SYN001910,0.00416,0.00416,0.00416
SYN001911,0.03462,0.08418,0.08418
SYN001912,0.0,0.00416,0.00416
SYN001913,0.03462,0.03911,0.0625
SYN001914,0.03462,0.03911,0.08418
SYN001915,0.00416,0.01791,0.03462
SYN001916,0.00722,0.03462,0.03462
SYN001917,0.00416,0.01791,0.03462
SYN001918,0.03462,0.03911,0.0625
SYN001919,0.03462,0.08418,0.08418
SYN001920,0.0,0.00416,0.00416
SYN001921,0.00416,0.01791,0.03462
SYN001922,0.00416,0.01791,0.02174
SYN001923,0.00416,0.00416,0.00722
SYN001924,0.00416,0.00416,0.00722
SYN001925,0.02174,0.03462,0.04651
SYN001926,0.00416,0.00722,0.01791
SYN001927,0.00416,0.01791,0.02174
SYN001928,0.03911,0.08418,0.08418
SYN001929,0.00416,0.01791,0.02174
SYN001930,0.01791,0.03462,0.03911
SYN001931,0.00416,0.01791,0.03462
SYN001932,0.00722,0.02174,0.03462
SYN001933,0.00416,0.00722,0.01791
SYN001934,0.00416,0.00416,0.00722
SYN001935,0.02174,0.03911,0.04651
SYN001936,0.01791,0.03462,0.03911
SYN001937,0.03462,0.04651,0.08418
SYN001938,0.00416,0.00722,0.01791
SYN001939,0.03462,0.04651,0.08418
SYN001940,0.01791,0.03462,0.03462
SYN001941,0.00416,0.00416,0.00722
SYN001942,0.00416,0.00722,0.01791
SYN001943,0.04651,0.08418,0.2
SYN001944,0.0,0.00416,0.00416
SYN001945,0.03462,0.08418,0.08418
SYN001946,0.03462,0.04651,0.08418
SYN001947,0.04167,0.08418,0.2
SYN001948,0.01791,0.03462,0.03911
SYN001949,0.02174,0.03911,0.04651
SYN001950,0.01791,0.03462,0.03911
SYN001951,0.02174,0.03462,0.04651
SYN001952,0.00416,0.00722,0.01791
SYN001953,0.00722,0.02174,0.03462
SYN001954,0.0,0.00416,0.00416
SYN001955,0.01791,0.03462,0.03911
SYN001956,0.00722,0.02174,0.03462
SYN001957,0.03911,0.08418,0.08418
SYN001958,0.00416,0.00416,0.00722
SYN001959,0.00722,0.02174,0.03462
SYN001960,0.02174,0.03911,0.04651
SYN001961,0.00416,0.00722,0.01791
SYN001962,0.03911,0.08418,0.08418
SYN001963,0.03911,0.08418,0.08418
SYN001964,0.00416,0.00416,0.00722
SYN001965,0.03462,0.04651,0.08418
SYN001966,0.00416,0.01791,0.03462
SYN001967,0.00416,0.00722,0.01791
SYN001968,0.00722,0.02174,0.03462
SYN001969,0.01791,0.03462,0.03462
SYN001970,0.01791,0.03462,0.03462
SYN001971,0.03462,0.08418,0.08418
SYN001972,0.03462,0.04167,0.08418
SYN001973,0.00416,0.00416,0.00416
SYN001974,0.03911,0.08418,0.08418
SYN001975,0.00722,0.02174,0.03462
SYN001976,0.00416,0.01791,0.02174
SYN001977,0.00722,0.02174,0.03462
SYN001978,0.00722,0.03462,0.03462
SYN001979,0.04651,0.08418,0.21667
SYN001980,0.00416,0.01791,0.03462
SYN001981,0.00722,0.03462,0.03462
SYN001982,0.00416,0.00722,0.01791
SYN001983,0.00722,0.02174,0.03462
SYN001984,0.01791,0.03462,0.03911
SYN001985,0.01791,0.03462,0.03462
SYN001986,0.00416,0.00416,0.00722
SYN001987,0.00416,0.00722,0.01791
SYN001988,0.03462,0.08418,0.08418
SYN001989,0.03462,0.08418,0.08418
SYN001990,0.03911,0.08418,0.08418
SYN001991,0.0,0.00416,0.00416
SYN001992,0.00416,0.00722,0.01791
SYN001993,0.03462,0.08418,0.08418
SYN001994,0.00722,0.03462,0.03462
SYN001995,0.0,0.00416,0.00416
SYN001996,0.0,0.00416,0.00416
SYN001997,0.00722,0.02174,0.03462
SYN001998,0.00722,0.03462,0.03462
SYN001999,0.00416,0.00722,0.01791
SYN002000,0.0,0.00416,0.00416
SYN002001,0.00416,0.00722,0.01791
SYN002002,0.03462,0.08418,0.08418
SYN002003,0.03462,0.04651,0.08418
SYN002004,0.08418,0.2,0.21667
SYN002005,0.00416,0.00722,0.01791
SYN002006,0.00722,0.02174,0.03462
SYN002007,0.04167,0.08418,0.08418
SYN002008,0.00722,0.03462,0.03462
SYN002009,0.00416,0.01791,0.03462
SYN002010,0.03911,0.08418,0.08418
SYN002011,0.00416,0.00416,0.00722
SYN002012,0.01791,0.03462,0.04651
SYN002013,0.03462,0.03911,0.08418
SYN002014,0.00416,0.01791,0.03462
SYN002015,0.08418,0.21667,0.55124
SYN002016,0.00416,0.00416,0.00722
SYN002017,0.03462,0.03911,0.0625
SYN002018,0.01791,0.03462,0.04651
SYN002019,0.00416,0.00416,0.00722
SYN002020,0.03462,0.04651,0.08418
SYN002021,0.01791,0.03462,0.03911
SYN002022,0.03462,0.04167,0.08418
SYN002023,0.03462,0.04651,0.08418
SYN002024,0.00416,0.00416,0.00722
SYN002025,0.03911,0.08418,0.08418
SYN002026,0.00722,0.02174,0.03462
SYN002027,0.00722,0.03462,0.03462
SYN002028,0.03911,0.08418,0.08418
SYN002029,0.02174,0.03911,0.04651
SYN002030,0.03462,0.08418,0.08418
SYN002031,0.00416,0.00722,0.01791
SYN002032,0.00416,0.00416,0.00722
SYN002033,0.03462,0.03911,0.0625
SYN002034,0.08418,0.08418,0.21667
SYN002035,0.00416,0.00722,0.01791
SYN002036,0.01791,0.03462,0.03911
SYN002037,0.08418,0.2,0.21667
SYN002038,0.01791,0.03462,0.03911
SYN002039,0.0,0.0,0.00416
SYN002040,0.0,0.00416,0.00416
SYN002041,0.00416,0.00722,0.01791
SYN002042,0.00722,0.03462,0.03462
SYN002043,0.03462,0.04651,0.08418
SYN002044,0.00416,0.01791,0.03462
SYN002045,0.01791,0.03462,0.03911
SYN002046,0.01791,0.03462,0.03462
SYN002047,0.08418,0.2,0.21667
SYN002048,0.03462,0.08418,0.08418
SYN002049,0.00722,0.03462,0.03462
SYN002050,0.00722,0.02174,0.03462
SYN002051,0.03462,0.08418,0.08418
SYN002052,0.00416,0.01791,0.03462
SYN002053,0.00722,0.03462,0.03462
SYN002054,0.01791,0.03462,0.03911
SYN002055,0.00416,0.00416,0.00722
SYN002056,0.03462,0.04651,0.08418
SYN002057,0.0,0.00416,0.00416
SYN002058,0.04651,0.08418,0.2
SYN002059,0.00722,0.02174,0.03462
SYN002060,0.01791,0.03462,0.03911
SYN002061,0.00416,0.00416,0.00722
SYN002062,0.00722,0.02174,0.03462
SYN002063,0.04651,0.08418,0.2
SYN002064,0.03462,0.03911,0.04651
SYN002065,0.00722,0.03462,0.03462
SYN002066,0.01791,0.03462,0.04167
SYN002067,0.00722,0.02174,0.03462
SYN002068,0.01791,0.03462,0.04651
SYN002069,0.00416,0.01791,0.03462
SYN002070,0.00416,0.00416,0.00416
SYN002071,0.00416,0.01791,0.03462
SYN002072,0.02174,0.03911,0.04651
SYN002073,0.01791,0.03462,0.04167
SYN002074,0.00416,0.01791,0.03462
SYN002075,0.03462,0.04167,0.08418
SYN002076,0.02174,0.03911,0.04651
SYN002077,0.08418,0.21667,0.21667
SYN002078,0.00416,0.00722,0.01791
SYN002079,0.01791,0.03462,0.03911
SYN002080,0.00416,0.00722,0.01791
SYN002081,0.01791,0.03462,0.03462
SYN002082,0.03462,0.04651,0.08418
SYN002083,0.03911,0.08418,0.08418
SYN002084,0.0,0.00416,0.00416
SYN002085,0.03462,0.04651,0.08418
SYN002086,0.00416,0.00416,0.00416
SYN002087,0.00416,0.00722,0.01791
SYN002088,0.00416,0.00416,0.00722
SYN002089,0.02174,0.03462,0.04651
SYN002090,0.01791,0.03462,0.04651
SYN002091,0.00416,0.00416,0.00722
SYN002092,0.00416,0.00722,0.01791
SYN002093,0.03462,0.04167,0.08418
SYN002094,0.00416,0.00416,0.00722
SYN002095,0.01791,0.03462,0.03462
SYN002096,0.03911,0.08418,0.08418
SYN002097,0.00416,0.00722,0.01791
SYN002098,0.02174,0.03911,0.04651
SYN002099,0.01791,0.03462,0.04167
SYN002100,0.00416,0.00722,0.01791
SYN002101,0.01791,0.03462,0.03911
SYN002102,0.0,0.00416,0.00416
SYN002103,0.02174,0.03911,0.04651
SYN002104,0.00722,0.03462,0.03462
SYN002105,0.00416,0.00416,0.00722
SYN002106,0.00722,0.03462,0.03462
SYN002107,0.03462,0.04651,0.08418
SYN002108,0.00722,0.02174,0.03462
SYN002109,0.03462,0.04167,0.08418
SYN002110,0.00722,0.03462,0.03462
SYN002111,0.02174,0.03911,0.04651
SYN002112,0.21667,0.75,0.75
SYN002113,0.08418,0.2,0.21667
SYN002114,0.03462,0.08418,0.08418
SYN002115,0.00722,0.03462,0.03462
SYN002116,0.01791,0.03462,0.03911
SYN002117,0.03462,0.08418,0.08418
SYN002118,0.03462,0.04651,0.08418
SYN002119,0.00416,0.00416,0.00722
SYN002120,0.00416,0.00416,0.00722
SYN002121,0.03462,0.04651,0.08418
SYN002122,0.01791,0.03462,0.04651
SYN002123,0.00722,0.02174,0.03462
SYN002124,0.00722,0.03462,0.03462
SYN002125,0.00722,0.03462,0.03462
SYN002126,0.00722,0.03462,0.03462
SYN002127,0.00722,0.02174,0.03462
SYN002128,0.04651,0.08418,0.2
SYN002129,0.04167,0.08418,0.2
SYN002130,0.03462,0.08418,0.08418
SYN002131,0.00416,0.01791,0.02174
SYN002132,0.03462,0.04651,0.08418
SYN002133,0.08418,0.21667,0.21667
SYN002134,0.0,0.00416,0.00416
SYN002135,0.04651,0.08418,0.2
SYN002136,0.00722,0.02174,0.03462
SYN002137,0.02174,0.03462,0.04651
SYN002138,0.00416,0.00722,0.01791
SYN002139,0.0,0.00416,0.00416
SYN002140,0.0,0.00416,0.00416
SYN002141,0.00722,0.02174,0.03462
SYN002142,0.0,0.00416,0.00416
SYN002143,0.00416,0.00722,0.01791
SYN002144,0.00416,0.00722,0.01791
SYN002145,0.00416,0.01791,0.02174
SYN002146,0.02174,0.03911,0.04651
SYN002147,0.04651,0.08418,0.2
SYN002148,0.00416,0.01791,0.03462
SYN002149,0.03462,0.04651,0.08418
SYN002150,0.01791,0.03462,0.03911
SYN002151,0.04167,0.08418,0.2
SYN002152,0.0,0.00416,0.00416
SYN002153,0.00416,0.00416,0.00722
SYN002154,0.00416,0.01791,0.02174
SYN002155,0.00416,0.00722,0.01791
SYN002156,0.01791,0.03462,0.03911
SYN002157,0.00722,0.03462,0.03462
SYN002158,0.00416,0.01791,0.03462
SYN002159,0.04651,0.08418,0.2
SYN002160,0.00416,0.00416,0.00416
SYN002161,0.00416,0.01791,0.02174
SYN002162,0.01791,0.03462,0.04167
SYN002163,0.00722,0.03462,0.03462
SYN002164,0.00722,0.03462,0.03462
SYN002165,0.00416,0.00416,0.00722
SYN002166,0.00722,0.03462,0.03462
SYN002167,0.0,0.00416,0.00416
SYN002168,0.00416,0.00416,0.00722
SYN002169,0.00416,0.01791,0.03462
SYN002170,0.00416,0.01791,0.03462
SYN002171,0.0,0.00416,0.00416
SYN002172,0.01791,0.03462,0.03462
SYN002173,0.00722,0.03462,0.03462
SYN002174,0.01791,0.03462,0.03911
SYN002175,0.03911,0.08418,0.08418
SYN002176,0.00416,0.01791,0.02174
SYN002177,0.00416,0.00722,0.01791
SYN002178,0.00416,0.01791,0.02174
SYN002179,0.01791,0.03462,0.03911
SYN002180,0.00416,0.00416,0.00416
SYN002181,0.00416,0.00722,0.01791
SYN002182,0.00416,0.01791,0.03462
SYN002183,0.01791,0.03462,0.03911
SYN002184,0.03462,0.04651,0.08418
SYN002185,0.03911,0.08418,0.08418
SYN002186,0.00416,0.01791,0.03462
SYN002187,0.03462,0.03911,0.04651
SYN002188,0.0,0.00416,0.00416
SYN002189,0.02174,0.03911,0.04651
SYN002190,0.03462,0.08418,0.08418
SYN002191,0.08418,0.08418,0.21667
SYN002192,0.01791,0.03462,0.03911
SYN002193,0.03911,0.08418,0.08418
SYN002194,0.03462,0.04167,0.08418
SYN002195,0.0,0.00416,0.00416
SYN002196,0.08418,0.2,0.21667
SYN002197,0.00722,0.02174,0.03462
SYN002198,0.03911,0.08418,0.08418
SYN002199,0.04651,0.08418,0.2
SYN002200,0.08418,0.21667,0.21667
SYN002201,0.00722,0.02174,0.03462
SYN002202,0.0,0.00416,0.00416
SYN002203,0.01791,0.03462,0.03462
SYN002204,0.00722,0.03462,0.03462
SYN002205,0.03462,0.03942,0.08418
SYN002206,0.00416,0.00416,0.00722
SYN002207,0.00416,0.00722,0.01791
SYN002208,0.03911,0.08418,0.08418
SYN002209,0.08418,0.2,0.21667
SYN002210,0.01791,0.03462,0.03462
SYN002211,0.03462,0.04651,0.08418
SYN002212,0.00416,0.00722,0.01791
SYN002213,0.03462,0.08418,0.08418
SYN002214,0.00722,0.03462,0.03462
SYN002215,0.00416,0.01791,0.03462
SYN002216,0.08418,0.21667,0.21667
SYN002217,0.00416,0.01791,0.02174
SYN002218,0.00416,0.00722,0.01791
SYN002219,0.00416,0.00416,0.00722
SYN002220,0.0,0.00416,0.00416
SYN002221,0.00416,0.00722,0.01791
SYN002222,0.02174,0.03462,0.04651
SYN002223,0.04651,0.08418,0.21667
SYN002224,0.00416,0.00722,0.01791
SYN002225,0.0,0.0,0.00416
SYN002226,0.00416,0.00722,0.01791
SYN002227,0.00416,0.01791,0.03462
SYN002228,0.03462,0.08418,0.08418
SYN002229,0.01791,0.03462,0.03911
SYN002230,0.00416,0.00722,0.01791
SYN002231,0.01791,0.03462,0.03911
SYN002232,0.00722,0.03462,0.03462
SYN002233,0.03911,0.08418,0.08418
SYN002234,0.00416,0.00722,0.01791
SYN002235,0.00722,0.02174,0.03462
SYN002236,0.08418,0.2,0.21667
SYN002237,0.00722,0.03462,0.03462
SYN002238,0.00722,0.03462,0.03462
SYN002239,0.04651,0.08418,0.2
SYN002240,0.00416,0.00722,0.01791
SYN002241,0.04167,0.08418,0.08418
SYN002242,0.00416,0.00722,0.01791
SYN002243,0.00416,0.00416,0.00722
SYN002244,0.00416,0.01791,0.01791
SYN002245,0.03462,0.04651,0.08418
SYN002246,0.02174,0.03911,0.04651
SYN002247,0.03462,0.04651,0.08418
SYN002248,0.00416,0.00722,0.01791
SYN002249,0.01791,0.03462,0.04167
SYN002250,0.01791,0.03462,0.03911
SYN002251,0.00416,0.00416,0.00722
SYN002252,0.01791,0.03462,0.03911
SYN002253,0.02174,0.03911,0.04651
SYN002254,0.00416,0.00722,0.01791
SYN002255,0.02174,0.03911,0.04651
SYN002256,0.00416,0.00416,0.00722
SYN002257,0.00722,0.03462,0.03462
SYN002258,0.04651,0.08418,0.2
SYN002259,0.00416,0.00722,0.01791
SYN002260,0.00722,0.03462,0.03462
SYN002261,0.03911,0.08418,0.08418
SYN002262,0.00722,0.03462,0.03462
SYN002263,0.03911,0.08418,0.08418
SYN002264,0.03462,0.04651,0.08418
SYN002265,0.04651,0.08418,0.21667
SYN002266,0.00416,0.00722,0.01791
SYN002267,0.00722,0.02174,0.03462
SYN002268,0.0,0.00416,0.00416
SYN002269,0.0,0.00416,0.00416
SYN002270,0.03911,0.08418,0.08418
SYN002271,0.08418,0.2,0.21667
SYN002272,0.00416,0.01791,0.02174
SYN002273,0.00416,0.00722,0.01791
SYN002274,0.00416,0.00722,0.01791
SYN002275,0.0625,0.08418,0.21667
SYN002276,0.02174,0.03911,0.04651
SYN002277,0.02174,0.03462,0.04651
SYN002278,0.0,0.00416,0.00416
SYN002279,0.03911,0.08418,0.08418
SYN002280,0.00722,0.03462,0.03462
SYN002281,0.03462,0.03911,0.04651
SYN002282,0.00416,0.00722,0.01791
SYN002283,0.00722,0.03462,0.03462
SYN002284,0.08418,0.08418,0.21667
SYN002285,0.00722,0.03462,0.03462
SYN002286,0.00722,0.02174,0.03462
SYN002287,0.00416,0.00416,0.00722
SYN002288,0.08418,0.08418,0.21667
SYN002289,0.03462,0.08418,0.08418
SYN002290,0.04651,0.08418,0.21667
SYN002291,0.00416,0.00416,0.00416
SYN002292,0.01791,0.03462,0.04167
SYN002293,0.00416,0.00416,0.00416
SYN002294,0.00416,0.01791,0.03462
SYN002295,0.03462,0.04651,0.08418
SYN002296,0.00416,0.00416,0.00722
SYN002297,0.21667,0.51228,0.75
SYN002298,0.04651,0.08418,0.2
SYN002299,0.00722,0.03462,0.03462
SYN002300,0.01791,0.03462,0.03911
SYN002301,0.00416,0.00416,0.00722
SYN002302,0.00722,0.03462,0.03462
SYN002303,0.02174,0.03462,0.04651
SYN002304,0.00416,0.00722,0.01791
SYN002305,0.01791,0.03462,0.03911
SYN002306,0.00416,0.01791,0.02174
SYN002307,0.00416,0.00416,0.00722
SYN002308,0.03462,0.08418,0.08418
SYN002309,0.00416,0.00722,0.01791
SYN002310,0.04651,0.08418,0.21667
SYN002311,0.08418,0.21667,0.5
SYN002312,0.0,0.0,0.00416
SYN002313,0.02174,0.03911,0.04651
SYN002314,0.00416,0.01791,0.02174
SYN002315,0.02174,0.03911,0.04651
SYN002316,0.04651,0.08418,0.2
SYN002317,0.00416,0.01791,0.03462
SYN002318,0.00722,0.03462,0.03462
SYN002319,0.03462,0.03911,0.08418
SYN002320,0.02174,0.03911,0.04651
SYN002321,0.01791,0.03462,0.03911
SYN002322,0.0,0.00416,0.00416
SYN002323,0.04651,0.08418,0.2
SYN002324,0.00722,0.03462,0.03462
SYN002325,0.00722,0.03462,0.03462
SYN002326,0.03462,0.04651,0.08418
SYN002327,0.04651,0.08418,0.2
SYN002328,0.03462,0.04651,0.08418
SYN002329,0.01791,0.03462,0.03911
SYN002330,0.03911,0.08418,0.08418
SYN002331,0.00416,0.01791,0.03462
SYN002332,0.00416,0.00416,0.00722
SYN002333,0.08418,0.21667,0.21667
SYN002334,0.00416,0.00722,0.01791
SYN002335,0.00416,0.00722,0.01791
SYN002336,0.0,0.00416,0.00416
SYN002337,0.01791,0.03462,0.03911
SYN002338,0.03462,0.04167,0.08418
SYN002339,0.21667,0.75,0.75
SYN002340,0.2,0.5,0.75
SYN002341,0.01791,0.03462,0.03911
SYN002342,0.00416,0.00722,0.01791
SYN002343,0.00722,0.03462,0.03462
SYN002344,0.0,0.00416,0.00416
SYN002345,0.08418,0.08418,0.21667
SYN002346,0.00722,0.02174,0.03462
SYN002347,0.00416,0.00722,0.01791
SYN002348,0.08418,0.2,0.21667
SYN002349,0.03462,0.08418,0.08418
SYN002350,0.03462,0.03911,0.0625
SYN002351,0.00416,0.00416,0.00722
SYN002352,0.00722,0.03462,0.03462
SYN002353,0.03462,0.08418,0.08418
SYN002354,0.00416,0.00416,0.00722
SYN002355,0.0,0.00416,0.00416
SYN002356,0.00722,0.03462,0.03462
SYN002357,0.00416,0.00722,0.01791
SYN002358,0.03462,0.0625,0.08418
SYN002359,0.03462,0.08418,0.08418
SYN002360,0.00416,0.01791,0.03462
SYN002361,0.04651,0.08418,0.2
SYN002362,0.03462,0.04167,0.08418
SYN002363,0.00416,0.01791,0.02174
SYN002364,0.03462,0.03911,0.0625
SYN002365,0.03911,0.08418,0.08418
SYN002366,0.0,0.00416,0.00416
SYN002367,0.00416,0.00722,0.01791
SYN002368,0.00416,0.00722,0.01791
SYN002369,0.03462,0.04651,0.08418
SYN002370,0.01791,0.03462,0.03911
SYN002371,0.0,0.00416,0.00416
SYN002372,0.00416,0.00722,0.00722
SYN002373,0.00416,0.00416,0.00722
SYN002374,0.00416,0.00416,0.00416
SYN002375,0.03911,0.08418,0.08418
SYN002376,0.0,0.00416,0.00416
SYN002377,0.04651,0.08418,0.2
SYN002378,0.03462,0.08418,0.08418
SYN002379,0.00416,0.01791,0.02174
SYN002380,0.00722,0.02174,0.03462
SYN002381,0.01791,0.03462,0.03462
SYN002382,0.04651,0.08418,0.2
SYN002383,0.03462,0.04651,0.08418
SYN002384,0.01791,0.03462,0.03911
SYN002385,0.00416,0.00416,0.00722
SYN002386,0.03462,0.0625,0.08418
SYN002387,0.08418,0.2,0.21667
SYN002388,0.00722,0.03462,0.03462
SYN002389,0.03462,0.08418,0.08418
SYN002390,0.03462,0.04651,0.08418
SYN002391,0.01791,0.03462,0.04167
SYN002392,0.01791,0.03462,0.03911
SYN002393,0.04651,0.08418,0.2
SYN002394,0.08418,0.08418,0.21667
SYN002395,0.04167,0.08418,0.2
SYN002396,0.00416,0.01791,0.02174
SYN002397,0.03911,0.08418,0.08418
SYN002398,0.03911,0.08418,0.08418
SYN002399,0.00416,0.01791,0.02174
SYN002400,0.03462,0.0625,0.08418
SYN002401,0.00722,0.03462,0.03462
SYN002402,0.0,0.00416,0.00416
SYN002403,0.00416,0.00722,0.01791
SYN002404,0.00416,0.00722,0.01791
SYN002405,0.00416,0.00722,0.00722
SYN002406,0.08418,0.2,0.21667
SYN002407,0.00416,0.00722,0.01791
SYN002408,0.00416,0.00722,0.01791
SYN002409,0.00722,0.03462,0.03462
SYN002410,0.00416,0.00722,0.01791
SYN002411,0.03911,0.08418,0.08418
SYN002412,0.00722,0.02174,0.03462
SYN002413,0.01791,0.03462,0.03462
SYN002414,0.00416,0.01791,0.03462
SYN002415,0.03462,0.08418,0.08418
SYN002416,0.00136,0.00416,0.00416
SYN002417,0.03462,0.0625,0.08418
SYN002418,0.00722,0.02174,0.03462
SYN002419,0.01791,0.03462,0.04167
SYN002420,0.01791,0.03462,0.04167
SYN002421,0.04651,0.08418,0.2
SYN002422,0.00416,0.00722,0.01791
SYN002423,0.03911,0.08418,0.08418
SYN002424,0.00416,0.00416,0.00722
SYN002425,0.0,0.00416,0.00416
SYN002426,0.03462,0.04486,0.08418
SYN002427,0.00416,0.00416,0.00722
SYN002428,0.08418,0.2,0.21667
SYN002429,0.00722,0.03462,0.03462
SYN002430,0.00416,0.00722,0.01791
SYN002431,0.00416,0.00722,0.01791
SYN002432,0.01791,0.03462,0.04167
SYN002433,0.03462,0.03911,0.0625
SYN002434,0.00722,0.02174,0.03462
SYN002435,0.03462,0.08418,0.08418
SYN002436,0.08418,0.2,0.21667
SYN002437,0.00722,0.03462,0.03462
SYN002438,0.00416,0.01791,0.03462
SYN002439,0.00416,0.00416,0.00722
SYN002440,0.00416,0.00722,0.01791
SYN002441,0.03462,0.03911,0.0625
SYN002442,0.03462,0.04651,0.08418
SYN002443,0.03462,0.04651,0.08418
SYN002444,0.00416,0.00416,0.00722
SYN002445,0.00416,0.00722,0.01791
SYN002446,0.03462,0.04167,0.08418
SYN002447,0.00722,0.03462,0.03462
SYN002448,0.08418,0.2,0.21667
SYN002449,0.03462,0.04167,0.08418
SYN002450,0.04651,0.08418,0.2
SYN002451,0.00416,0.00416,0.00722
SYN002452,0.02174,0.03911,0.04651
SYN002453,0.00416,0.00416,0.00722
SYN002454,0.03462,0.04651,0.08418
SYN002455,0.03462,0.03911,0.08418
SYN002456,0.03911,0.08418,0.08418
SYN002457,0.04651,0.08418,0.2
SYN002458,0.00416,0.00416,0.00722
SYN002459,0.03462,0.04651,0.08418
SYN002460,0.0,0.0,0.00416
SYN002461,0.00416,0.01791,0.03462
SYN002462,0.01791,0.03462,0.03911
SYN002463,0.00722,0.03462,0.03462
SYN002464,0.0,0.00416,0.00416
SYN002465,0.00416,0.00416,0.00722
SYN002466,0.0,0.00416,0.00416
SYN002467,0.00722,0.03462,0.03462
SYN002468,0.03462,0.03911,0.04651
SYN002469,0.02174,0.03462,0.04651
SYN002470,0.00416,0.00722,0.01791
SYN002471,0.00722,0.02174,0.03462
SYN002472,0.00722,0.03462,0.03462
SYN002473,0.00416,0.00722,0.01791
SYN002474,0.01791,0.03462,0.03911
SYN002475,0.03911,0.08418,0.08418
SYN002476,0.04651,0.08418,0.2
SYN002477,0.03462,0.04651,0.08418
SYN002478,0.0,0.00416,0.00416
SYN002479,0.00416,0.00416,0.00722
SYN002480,0.01791,0.03462,0.04651
SYN002481,0.00722,0.02174,0.03462
SYN002482,0.04651,0.08418,0.2
SYN002483,0.0,0.00416,0.00416
SYN002484,0.03462,0.04651,0.08418
SYN002485,0.03462,0.04167,0.08418
SYN002486,0.00722,0.03462,0.03462
SYN002487,0.0,0.00416,0.00416
SYN002488,0.2,0.21667,0.75
SYN002489,0.04651,0.08418,0.2
SYN002490,0.01791,0.03462,0.03462
SYN002491,0.02174,0.03462,0.04651
SYN002492,0.02174,0.03462,0.04651
SYN002493,0.01791,0.03462,0.03462
SYN002494,0.01791,0.03462,0.03911
SYN002495,0.03462,0.03911,0.08418
SYN002496,0.03462,0.03911,0.04651
SYN002497,0.03462,0.08418,0.08418
SYN002498,0.00416,0.00416,0.00416
SYN002499,0.00416,0.00722,0.01791
SYN002500,0.08418,0.21667,0.21667
SYN002501,0.0,0.00416,0.00416
SYN002502,0.03715,0.08418,0.08418
SYN002503,0.00416,0.00722,0.01791
SYN002504,0.00416,0.01791,0.02174
SYN002505,0.02174,0.03911,0.04651
SYN002506,0.03462,0.03911,0.04651
SYN002507,0.00722,0.02174,0.03462
SYN002508,0.08418,0.2,0.21667
SYN002509,0.03462,0.08418,0.08418
SYN002510,0.00722,0.02174,0.03462
SYN002511,0.00416,0.00416,0.00722
SYN002512,0.03462,0.03911,0.0625
SYN002513,0.04167,0.08418,0.2
SYN002514,0.03462,0.08418,0.08418
SYN002515,0.03462,0.08418,0.08418
SYN002516,0.03462,0.08418,0.08418
SYN002517,0.01791,0.03462,0.04167
SYN002518,0.00416,0.00722,0.01791
SYN002519,0.08418,0.2,0.21667
SYN002520,0.03462,0.08418,0.08418
SYN002521,0.08418,0.2,0.21667
SYN002522,0.00416,0.01791,0.02174
SYN002523,0.03462,0.04651,0.08418
SYN002524,0.0,0.00416,0.00416
SYN002525,0.00416,0.01791,0.02174
SYN002526,0.00416,0.00722,0.01791
SYN002527,0.0,0.00416,0.00416
SYN002528,0.00416,0.00416,0.00416
SYN002529,0.03911,0.08418,0.08418
SYN002530,0.03462,0.04167,0.08418
SYN002531,0.08418,0.2,0.21667
SYN002532,0.0,0.00416,0.00416
SYN002533,0.01791,0.03462,0.03911
SYN002534,0.03462,0.0625,0.08418
SYN002535,0.01791,0.03462,0.04167
SYN002536,0.00416,0.01791,0.02174
SYN002537,0.01791,0.03462,0.03911
SYN002538,0.03462,0.04651,0.08418
SYN002539,0.00416,0.00722,0.01791
SYN002540,0.00416,0.00722,0.01791
SYN002541,0.03911,0.08418,0.08418
SYN002542,0.04651,0.08418,0.2
SYN002543,0.00416,0.01791,0.03462
SYN002544,0.02174,0.03462,0.04651
SYN002545,0.01791,0.03462,0.03462
SYN002546,0.00416,0.00722,0.01791
SYN002547,0.03462,0.08418,0.08418
SYN002548,0.0,0.0,0.0
SYN002549,0.0,0.00416,0.00416
SYN002550,0.04651,0.08418,0.2
SYN002551,0.00416,0.00416,0.00722
SYN002552,0.08418,0.2,0.21667
SYN002553,0.03911,0.08418,0.08418
SYN002554,0.00416,0.00416,0.00722
SYN002555,0.00416,0.01791,0.03462
SYN002556,0.08418,0.08418,0.21667
SYN002557,0.01791,0.03462,0.04167
SYN002558,0.01791,0.03462,0.03462
SYN002559,0.03462,0.08418,0.08418
SYN002560,0.03911,0.08418,0.08418
SYN002561,0.00416,0.00416,0.00416
SYN002562,0.00416,0.00722,0.01791
SYN002563,0.00416,0.00722,0.01791
SYN002564,0.00722,0.02174,0.03462
SYN002565,0.03462,0.04651,0.08418
SYN002566,0.00722,0.02174,0.03462
SYN002567,0.08418,0.21667,0.5
SYN002568,0.08418,0.2,0.21667
SYN002569,0.04651,0.08418,0.2
SYN002570,0.03462,0.04651,0.08418
SYN002571,0.03462,0.04651,0.08418
SYN002572,0.00416,0.00416,0.00722
SYN002573,0.0,0.0,0.00416
SYN002574,0.03462,0.04651,0.08418
SYN002575,0.00416,0.01791,0.03462
SYN002576,0.00416,0.00722,0.01791
SYN002577,0.00416,0.00416,0.00722
SYN002578,0.03462,0.03911,0.04651
SYN002579,0.03462,0.04651,0.08418
SYN002580,0.03462,0.04651,0.08418
SYN002581,0.0,0.00416,0.00416
SYN002582,0.01791,0.03462,0.03911
SYN002583,0.03911,0.08418,0.08418
SYN002584,0.02174,0.03911,0.04651
SYN002585,0.00416,0.01791,0.03462
SYN002586,0.00416,0.00416,0.00416
SYN002587,0.03462,0.03911,0.08418
SYN002588,0.00416,0.01791,0.03462
SYN002589,0.00416,0.00416,0.00722
SYN002590,0.0,0.00416,0.00416
SYN002591,0.00416,0.00416,0.00722
SYN002592,0.00416,0.01791,0.03462
SYN002593,0.08418,0.2,0.21667
SYN002594,0.01791,0.03462,0.03462
SYN002595,0.00722,0.02174,0.03462
SYN002596,0.03911,0.08418,0.08418
SYN002597,0.00722,0.02174,0.03462
SYN002598,0.03911,0.08418,0.08418
SYN002599,0.03462,0.04167,0.08418
SYN002600,0.03462,0.04167,0.08418
SYN002601,0.03462,0.04651,0.08418
SYN002602,0.00416,0.00722,0.01791
SYN002603,0.00416,0.00416,0.00722
SYN002604,0.03462,0.08418,0.08418
SYN002605,0.03462,0.08418,0.08418
SYN002606,0.0625,0.08418,0.21667
SYN002607,0.00416,0.00416,0.00722
SYN002608,0.08418,0.08418,0.21667
SYN002609,0.00416,0.01791,0.02174
SYN002610,0.00416,0.00722,0.01791
SYN002611,0.00416,0.00722,0.01791
SYN002612,0.03462,0.04651,0.08418
SYN002613,0.00722,0.03462,0.03462
SYN002614,0.00416,0.00416,0.00722
SYN002615,0.0,0.0,0.00416
SYN002616,0.04651,0.08418,0.2
SYN002617,0.00416,0.01791,0.02174
SYN002618,0.00416,0.00416,0.00722
SYN002619,0.00416,0.00416,0.00722
SYN002620,0.00416,0.00722,0.01791
SYN002621,0.00722,0.02174,0.03462
SYN002622,0.03462,0.04651,0.08418
SYN002623,0.03462,0.08418,0.08418
SYN002624,0.01791,0.03462,0.03911
SYN002625,0.03462,0.08418,0.08418
SYN002626,0.04651,0.08418,0.2
SYN002627,0.00416,0.00722,0.01791
SYN002628,0.00416,0.00722,0.01791
SYN002629,0.00416,0.00416,0.00416
SYN002630,0.04651,0.08418,0.2
SYN002631,0.02174,0.03911,0.04651
SYN002632,0.00416,0.00416,0.00722
SYN002633,0.03462,0.03911,0.04651
SYN002634,0.01791,0.03462,0.03911
SYN002635,0.00416,0.00722,0.01791
SYN002636,0.00416,0.00416,0.00722
SYN002637,0.00722,0.02174,0.03462
SYN002638,0.00416,0.00722,0.01791
SYN002639,0.03462,0.0625,0.08418
SYN002640,0.0,0.00416,0.00416
SYN002641,0.0,0.00416,0.00416
SYN002642,0.00722,0.03462,0.03462
SYN002643,0.00416,0.00416,0.00722
SYN002644,0.01791,0.03462,0.04167
SYN002645,0.00416,0.01791,0.02174
SYN002646,0.00416,0.01791,0.02174
SYN002647,0.0,0.00416,0.00416
SYN002648,0.03462,0.08418,0.08418
SYN002649,0.0,0.00416,0.00416
SYN002650,0.03462,0.03911,0.08418
SYN002651,0.00416,0.00416,0.00722
SYN002652,0.00722,0.02174,0.03462
SYN002653,0.00416,0.00416,0.00722
SYN002654,0.00416,0.00416,0.00416
SYN002655,0.00416,0.01791,0.03462
SYN002656,0.03462,0.08418,0.08418
SYN002657,0.03462,0.03911,0.08418
SYN002658,0.03911,0.08418,0.08418
SYN002659,0.00416,0.00722,0.01791
SYN002660,0.00416,0.00722,0.01791
SYN002661,0.00416,0.00416,0.00722
SYN002662,0.00722,0.03462,0.03462
SYN002663,0.04651,0.08418,0.2
SYN002664,0.00722,0.02174,0.03462
SYN002665,0.00416,0.01791,0.02174
SYN002666,0.00416,0.00416,0.00722
SYN002667,0.03462,0.03911,0.04651
SYN002668,0.03911,0.08418,0.08418
SYN002669,0.00416,0.01791,0.03462
SYN002670,0.00722,0.03462,0.03462
SYN002671,0.00722,0.02174,0.03462
SYN002672,0.00416,0.00722,0.01791
SYN002673,0.00722,0.02174,0.03462
SYN002674,0.03462,0.08418,0.08418
SYN002675,0.03462,0.08418,0.08418
SYN002676,0.00416,0.01791,0.03462
SYN002677,0.0,0.0,0.00416
SYN002678,0.00416,0.01791,0.02174
SYN002679,0.02174,0.03911,0.04651
SYN002680,0.0,0.00416,0.00416
SYN002681,0.00416,0.01791,0.03462
SYN002682,0.03462,0.04167,0.08418
SYN002683,0.08418,0.2,0.21667
SYN002684,0.00416,0.01791,0.02174
SYN002685,0.00416,0.01791,0.03462
SYN002686,0.00416,0.00416,0.00722
SYN002687,0.00722,0.02174,0.03462
SYN002688,0.02174,0.03911,0.04651
SYN002689,0.00416,0.00416,0.00722
SYN002690,0.00722,0.03462,0.03462
SYN002691,0.0,0.00416,0.00416
SYN002692,0.03462,0.04651,0.08418
SYN002693,0.00722,0.02174,0.03462
SYN002694,0.00416,0.00416,0.00722
SYN002695,0.03911,0.08418,0.08418
SYN002696,0.0,0.00416,0.00416
SYN002697,0.03462,0.0625,0.08418
SYN002698,0.00416,0.00722,0.01791
SYN002699,0.0,0.00416,0.00416
SYN002700,0.03462,0.04651,0.08418
SYN002701,0.04091,0.08418,0.08418
SYN002702,0.00416,0.00416,0.00722
SYN002703,0.00416,0.00416,0.00416
SYN002704,0.0,0.00416,0.00416
SYN002705,0.01791,0.03462,0.04167
SYN002706,0.00416,0.00416,0.00722
SYN002707,0.00722,0.02174,0.03462
SYN002708,0.03462,0.04651,0.08418
SYN002709,0.03462,0.04651,0.08418
SYN002710,0.03462,0.03911,0.0625
SYN002711,0.03462,0.04651,0.08418
SYN002712,0.01791,0.03462,0.03462
SYN002713,0.03462,0.04651,0.08418
SYN002714,0.00416,0.00416,0.00722
SYN002715,0.0,0.00416,0.00416
SYN002716,0.00416,0.01791,0.03462
SYN002717,0.00722,0.03462,0.03462
SYN002718,0.03462,0.08418,0.08418
SYN002719,0.03462,0.08418,0.08418
SYN002720,0.00416,0.01791,0.02174
SYN002721,0.00416,0.00722,0.01791
SYN002722,0.00416,0.00416,0.00722
SYN002723,0.01791,0.03462,0.03911
SYN002724,0.08418,0.21667,0.21667
SYN002725,0.00722,0.03462,0.03462
SYN002726,0.00722,0.03462,0.03462
SYN002727,0.01791,0.03462,0.03911
SYN002728,0.01791,0.03462,0.03911
SYN002729,0.00416,0.00722,0.01791
SYN002730,0.00722,0.03462,0.03462
SYN002731,0.03462,0.0625,0.08418
SYN002732,0.03911,0.08418,0.08418
SYN002733,0.03462,0.04167,0.08418
SYN002734,0.00416,0.01791,0.01791
SYN002735,0.00416,0.00416,0.00722
SYN002736,0.08418,0.21667,0.21667
SYN002737,0.03462,0.0625,0.08418
SYN002738,0.00416,0.01791,0.02174
SYN002739,0.01791,0.03462,0.04167
SYN002740,0.01791,0.03462,0.03462
SYN002741,0.00416,0.00722,0.01791
SYN002742,0.01791,0.03462,0.03911
SYN002743,0.03462,0.04651,0.08418
SYN002744,0.00416,0.00416,0.00722
SYN002745,0.00416,0.01791,0.02174
SYN002746,0.04651,0.08418,0.2
SYN002747,0.03462,0.08418,0.08418
SYN002748,0.03462,0.04651,0.08418
SYN002749,0.03462,0.04651,0.08418
SYN002750,0.00416,0.00416,0.00722
SYN002751,0.00416,0.00722,0.01791
SYN002752,0.0,0.00416,0.00416
SYN002753,0.04651,0.08418,0.21474
SYN002754,0.0,0.00416,0.00416
SYN002755,0.00416,0.00416,0.00722
SYN002756,0.00722,0.02174,0.03462
SYN002757,0.00416,0.00722,0.01791
SYN002758,0.00722,0.02174,0.03462
SYN002759,0.02174,0.03462,0.04651
SYN002760,0.02174,0.03911,0.04651
SYN002761,0.00416,0.01791,0.03462
SYN002762,0.03462,0.0625,0.08418
SYN002763,0.00722,0.02174,0.03462
SYN002764,0.01791,0.03462,0.03911
SYN002765,0.01791,0.03462,0.03911
SYN002766,0.03462,0.04651,0.08418
SYN002767,0.02174,0.03911,0.04651
SYN002768,0.00416,0.00416,0.00722
SYN002769,0.03911,0.08418,0.08418
SYN002770,0.06876,0.08418,0.21667
SYN002771,0.01791,0.03462,0.03911
SYN002772,0.00416,0.01791,0.02174
SYN002773,0.08418,0.2,0.21667
SYN002774,0.00416,0.01791,0.02174
SYN002775,0.01791,0.03462,0.03911
SYN002776,0.08418,0.08418,0.21667
SYN002777,0.00722,0.02174,0.03462
SYN002778,0.0,0.00416,0.00416
SYN002779,0.08418,0.2,0.21667
SYN002780,0.02174,0.03911,0.04651
SYN002781,0.03462,0.04651,0.08418
SYN002782,0.02174,0.03911,0.04651
SYN002783,0.01791,0.03462,0.03911
SYN002784,0.00722,0.03462,0.03462
SYN002785,0.00722,0.02174,0.03462
SYN002786,0.0,0.00416,0.00416
SYN002787,0.00722,0.03462,0.03462
SYN002788,0.03462,0.03911,0.04651
SYN002789,0.0,0.00416,0.00416
SYN002790,0.03462,0.04651,0.08418
SYN002791,0.03462,0.08418,0.08418
SYN002792,0.01791,0.03462,0.03911
SYN002793,0.04651,0.08418,0.2
SYN002794,0.0,0.00416,0.00416
SYN002795,0.00722,0.03462,0.03462
SYN002796,0.00722,0.03462,0.03462
SYN002797,0.0,0.00416,0.00416
SYN002798,0.00722,0.02174,0.03462
SYN002799,0.03462,0.04651,0.08418
SYN002800,0.03462,0.08418,0.08418
SYN002801,0.01791,0.03462,0.03462
SYN002802,0.03462,0.04651,0.08418
SYN002803,0.01791,0.03462,0.03462
SYN002804,0.00722,0.03462,0.03462
SYN002805,0.00416,0.01791,0.02174
SYN002806,0.01791,0.03462,0.03911
SYN002807,0.00722,0.02174,0.03462
SYN002808,0.03462,0.08418,0.08418
SYN002809,0.03462,0.04651,0.08418
SYN002810,0.03911,0.08418,0.08418
SYN002811,0.00416,0.00416,0.00722
SYN002812,0.00722,0.02174,0.03462
SYN002813,0.08418,0.21667,0.38804
SYN002814,0.00722,0.02174,0.03462
SYN002815,0.01791,0.03462,0.04167
SYN002816,0.00416,0.00416,0.00416
SYN002817,0.08418,0.21667,0.5
SYN002818,0.0,0.00416,0.00416
SYN002819,0.00416,0.01791,0.03462
SYN002820,0.00416,0.01791,0.02174
SYN002821,0.00416,0.01791,0.03462
SYN002822,0.03462,0.08418,0.08418
SYN002823,0.00416,0.00722,0.01791
SYN002824,0.01791,0.03462,0.04651
SYN002825,0.03462,0.04167,0.08418
SYN002826,0.00722,0.02174,0.03462
SYN002827,0.03462,0.08418,0.08418
SYN002828,0.00416,0.00416,0.00722
SYN002829,0.00722,0.03462,0.03462
SYN002830,0.00416,0.01791,0.02174
SYN002831,0.00722,0.03462,0.03462
SYN002832,0.0,0.00416,0.00416
SYN002833,0.00416,0.00722,0.01791
SYN002834,0.00416,0.01791,0.03462
SYN002835,0.08418,0.2,0.21667
SYN002836,0.03462,0.04651,0.08418
SYN002837,0.03462,0.04651,0.08418
SYN002838,0.00416,0.01791,0.01791
SYN002839,0.03911,0.08418,0.08418
SYN002840,0.01791,0.03462,0.03911
SYN002841,0.00416,0.01791,0.02174
SYN002842,0.00722,0.02174,0.03462
SYN002843,0.00722,0.03462,0.03462
SYN002844,0.03911,0.08418,0.08418
SYN002845,0.04651,0.08418,0.2
SYN002846,0.00416,0.01791,0.03462
SYN002847,0.03911,0.08418,0.08418
SYN002848,0.00416,0.00416,0.00722
SYN002849,0.01791,0.03462,0.03911
SYN002850,0.0,0.00416,0.00416
SYN002851,0.03462,0.04651,0.08418
SYN002852,0.0,0.00416,0.00416
SYN002853,0.01791,0.03462,0.04167
SYN002854,0.00416,0.00722,0.01791
SYN002855,0.01791,0.03462,0.03462
SYN002856,0.01791,0.03462,0.04651
SYN002857,0.00416,0.00722,0.01791
SYN002858,0.00416,0.00416,0.00722
SYN002859,0.02174,0.03462,0.04651
SYN002860,0.0,0.00416,0.00416
SYN002861,0.03911,0.08418,0.08418
SYN002862,0.00722,0.03462,0.03462
SYN002863,0.03911,0.08418,0.08418
SYN002864,0.00416,0.00416,0.00722
SYN002865,0.03462,0.04167,0.08418
SYN002866,0.03462,0.04651,0.08418
SYN002867,0.00416,0.01791,0.03462
SYN002868,0.00722,0.03462,0.03462
SYN002869,0.01791,0.03462,0.03911
SYN002870,0.08418,0.2,0.21667
SYN002871,0.00416,0.01791,0.03462
SYN002872,0.08418,0.2,0.21667
SYN002873,0.01791,0.03462,0.04651
SYN002874,0.02174,0.03911,0.04651
SYN002875,0.03462,0.08418,0.08418
SYN002876,0.00416,0.01791,0.01793
SYN002877,0.00416,0.01791,0.03462
SYN002878,0.03462,0.04651,0.08418
SYN002879,0.04651,0.08418,0.2
SYN002880,0.00416,0.01791,0.03462
SYN002881,0.03462,0.07834,0.08418
SYN002882,0.03911,0.08418,0.08418
SYN002883,0.04167,0.08418,0.2
SYN002884,0.01791,0.03462,0.04442
SYN002885,0.01791,0.03462,0.03462
SYN002886,0.03462,0.04651,0.08418
SYN002887,0.03462,0.08418,0.08418
SYN002888,0.01791,0.03462,0.03911
SYN002889,0.01791,0.03462,0.03911
SYN002890,0.08418,0.2,0.21667
SYN002891,0.03911,0.08418,0.08418
SYN002892,0.03462,0.08418,0.08418
SYN002893,0.03462,0.04651,0.08418
SYN002894,0.02174,0.03462,0.04651
SYN002895,0.04651,0.08418,0.2
SYN002896,0.03462,0.03911,0.04651
SYN002897,0.03462,0.08418,0.08418
SYN002898,0.03462,0.08418,0.08418
SYN002899,0.00416,0.00722,0.01791
SYN002900,0.0,0.00416,0.00416
SYN002901,0.03462,0.08418,0.08418
SYN002902,0.04651,0.08418,0.2
SYN002903,0.02174,0.03911,0.04651
SYN002904,0.0,0.00416,0.00416
SYN002905,0.08418,0.08418,0.21667
SYN002906,0.03462,0.04651,0.08418
SYN002907,0.08418,0.08418,0.21667
SYN002908,0.00416,0.01791,0.02174
SYN002909,0.03462,0.08418,0.08418
SYN002910,0.01791,0.03462,0.03462
SYN002911,0.02174,0.03911,0.04651
SYN002912,0.2,0.21667,0.75
SYN002913,0.00416,0.00722,0.01791
SYN002914,0.00416,0.00722,0.01791
SYN002915,0.03462,0.08418,0.08418
SYN002916,0.00416,0.00722,0.01791
SYN002917,0.00416,0.01791,0.03462
SYN002918,0.08418,0.21667,0.21667
SYN002919,0.0,0.00416,0.00416
SYN002920,0.03462,0.03911,0.08418
SYN002921,0.01791,0.03462,0.03911
SYN002922,0.03462,0.08418,0.08418
SYN002923,0.01791,0.03462,0.03462
SYN002924,0.03911,0.08418,0.08418
SYN002925,0.03462,0.04651,0.08418
SYN002926,0.0,0.00416,0.00416
SYN002927,0.01791,0.03462,0.03462
SYN002928,0.00416,0.00722,0.01791
SYN002929,0.00416,0.01791,0.02174
SYN002930,0.04651,0.08418,0.2
SYN002931,0.00722,0.03311,0.03462
SYN002932,0.03462,0.04651,0.08418
SYN002933,0.0,0.00416,0.00416
SYN002934,0.01791,0.03462,0.03462
SYN002935,0.0,0.00416,0.00416
SYN002936,0.01791,0.03462,0.03911
SYN002937,0.03462,0.03911,0.04651
SYN002938,0.01791,0.03462,0.03911
SYN002939,0.00722,0.03462,0.03462
SYN002940,0.01791,0.03462,0.04167
SYN002941,0.00416,0.00722,0.00722
SYN002942,0.00416,0.00416,0.00722
SYN002943,0.03462,0.04167,0.08418
SYN002944,0.00416,0.00416,0.00722
SYN002945,0.03911,0.08418,0.08418
SYN002946,0.0,0.00416,0.00416
SYN002947,0.00722,0.02174,0.03462
SYN002948,0.03462,0.04651,0.08418
SYN002949,0.0,0.00416,0.00416
SYN002950,0.03462,0.04651,0.08418
SYN002951,0.00416,0.00416,0.00722
SYN002952,0.08418,0.08418,0.21667
SYN002953,0.00416,0.00722,0.01791
SYN002954,0.00416,0.01791,0.02174
SYN002955,0.03462,0.04651,0.08418
SYN002956,0.03462,0.04651,0.08418
SYN002957,0.03462,0.08418,0.08418
SYN002958,0.0,0.00416,0.00416
SYN002959,0.0,0.00416,0.00416
SYN002960,0.01791,0.03462,0.03911
SYN002961,0.04651,0.08418,0.2
SYN002962,0.03462,0.04651,0.08418
SYN002963,0.01791,0.03462,0.03462
SYN002964,0.00416,0.00722,0.01791
SYN002965,0.02174,0.03911,0.04651
SYN002966,0.00416,0.00722,0.01791
SYN002967,0.0,0.00416,0.00416
SYN002968,0.00416,0.00722,0.01791
SYN002969,0.04651,0.08418,0.2
SYN002970,0.0,0.00416,0.00416
SYN002971,0.03462,0.08418,0.08418
SYN002972,0.03911,0.08418,0.08418
SYN002973,0.04167,0.08418,0.2
SYN002974,0.00722,0.03462,0.03462
SYN002975,0.0,0.00416,0.00416
SYN002976,0.03911,0.08418,0.08418
SYN002977,0.00722,0.03462,0.03462
SYN002978,0.00416,0.00416,0.00722
SYN002979,0.0,0.00416,0.00416
SYN002980,0.03911,0.08418,0.08418
SYN002981,0.00416,0.00722,0.01791
SYN002982,0.03462,0.03911,0.0625
SYN002983,0.03462,0.03911,0.08418
SYN002984,0.03462,0.04651,0.08418
SYN002985,0.02174,0.03911,0.04651
SYN002986,0.08418,0.21667,0.21667
SYN002987,0.03462,0.03911,0.0625
SYN002988,0.03911,0.08418,0.08418
SYN002989,0.03462,0.08418,0.08418
SYN002990,0.00416,0.01791,0.02174
SYN002991,0.01791,0.03462,0.03462
SYN002992,0.03462,0.03911,0.0625
SYN002993,0.08418,0.2,0.21667
SYN002994,0.04651,0.08418,0.2
SYN002995,0.01791,0.03462,0.03911
SYN002996,0.04651,0.08418,0.2
SYN002997,0.08418,0.2,0.21667
SYN002998,0.01791,0.03462,0.03911
SYN002999,0.03462,0.04651,0.08418
