id_troncon,nb_abonne,nb_abonne_sensible,nb_abonne_tres_sensible
BOR00000,0,0,0
BOR00001,1,0,0
BOR00002,2,0,0
BOR00003,13,0,0
BOR00004,19,0,0
BOR00005,16,0,0
BOR00006,15,0,0
BOR00007,20,0,0
BOR00008,0,0,0
BOR00009,19,0,0
BOR00010,0,0,0
BOR00011,0,0,0
BOR00012,20,0,0
BOR00013,0,0,0
BOR00014,26,0,0
BOR00015,24,0,0
BOR00016,26,0,0
BOR00017,19,0,0
BOR00018,0,0,0
BOR00019,20,0,0
BOR00020,0,0,0
BOR00021,0,0,0
BOR00022,20,0,0
BOR00023,16,0,0
BOR00024,23,0,0
BOR00025,0,0,0
BOR00026,24,0,0
BOR00027,25,0,0
BOR00028,27,0,0
BOR00029,23,0,0
BOR00030,12,0,0
BOR00031,22,0,0
BOR00032,15,1,0
BOR00033,18,0,0
BOR00034,3,0,0
BOR00035,0,0,0
BOR00036,22,0,0
BOR00037,15,0,0
BOR00038,22,0,0
BOR00039,24,0,0
BOR00040,18,0,0
BOR00041,1,0,0
BOR00042,1,0,0
BOR00043,13,0,0
BOR00044,26,0,0
BOR00045,17,0,0
BOR00046,16,0,0
BOR00047,19,0,0
BOR00048,13,0,0
BOR00049,13,0,0
BOR00050,19,0,0
BOR00051,2,0,0
BOR00052,1,1,0
BOR00053,1,0,0
BOR00054,14,0,0
BOR00055,19,0,0
BOR00056,23,0,0
BOR00057,14,0,0
BOR00058,0,0,0
BOR00059,21,0,0
BOR00060,19,0,0
BOR00061,24,0,0
BOR00062,25,0,0
BOR00063,21,0,0
BOR00064,18,0,0
BOR00065,18,0,0
BOR00066,15,0,0
BOR00067,19,0,0
BOR00068,20,0,0
BOR00069,24,0,0
BOR00070,18,0,0
BOR00071,1,0,0
BOR00072,2,0,0
BOR00073,32,0,0
BOR00074,24,0,0
BOR00075,20,0,1
BOR00076,33,0,0
BOR00077,2,0,0
BOR00078,22,0,0
BOR00079,28,0,1
BOR00080,25,0,0
BOR00081,23,0,0
BOR00082,22,0,0
BOR00083,13,0,0
BOR00084,1,0,0
BOR00085,12,0,0
BOR00086,23,0,0
BOR00087,19,0,0
BOR00088,24,0,0
BOR00089,21,0,0
BOR00090,0,0,0
BOR00091,28,0,0
BOR00092,26,0,0
BOR00093,23,0,0
BOR00094,21,0,0
BOR00095,17,0,0
BOR00096,3,0,0
BOR00097,18,0,0
BOR00098,21,0,0
BOR00099,2,0,0
BOR00100,21,0,0
BOR00101,16,0,0
BOR00102,18,0,0
BOR00103,12,0,0
BOR00104,23,0,0
BOR00105,24,0,0
BOR00106,18,0,0
BOR00107,0,0,0
BOR00108,3,0,0
BOR00109,19,0,0
BOR00110,18,0,0
BOR00111,17,0,0
BOR00112,2,0,0
BOR00113,2,0,0
BOR00114,16,0,0
BOR00115,18,0,0
BOR00116,24,0,0
BOR00117,22,0,0
BOR00118,28,0,0
BOR00119,15,0,0
BOR00120,17,2,0
BOR00121,19,0,0
BOR00122,24,0,0
BOR00123,23,0,0
BOR00124,18,0,0
BOR00125,25,0,0
BOR00126,0,0,0
BOR00127,22,0,0
BOR00128,29,0,0
BOR00129,0,0,0
BOR00130,2,0,0
BOR00131,17,0,0
BOR00132,25,0,0
BOR00133,2,0,0
BOR00134,21,0,0
BOR00135,30,0,0
BOR00136,20,0,0
BOR00137,17,0,0
BOR00138,21,0,0
BOR00139,23,0,0
BOR00140,24,0,0
BOR00141,19,0,0
BOR00142,23,0,0
BOR00143,24,0,0
BOR00144,14,0,0
BOR00145,17,0,0
BOR00146,0,0,0
BOR00147,18,0,0
BOR00148,20,0,0
BOR00149,11,0,0
BOR00150,20,0,0
BOR00151,20,0,0
BOR00152,11,0,0
BOR00153,1,0,0
BOR00154,22,0,0
BOR00155,0,0,0
BOR00156,20,0,0
BOR00157,19,0,0
BOR00158,4,0,0
BOR00159,26,0,0
BOR00160,17,0,0
BOR00161,15,0,0
BOR00162,21,0,0
BOR00163,23,2,0
BOR00164,28,0,0
BOR00165,1,0,0
BOR00166,41,0,0
BOR00167,37,0,0
BOR00168,26,0,0
BOR00169,3,0,0
BOR00170,0,0,0
BOR00171,14,0,0
BOR00172,29,0,0
BOR00173,10,0,0
BOR00174,1,0,0
BOR00175,16,0,0
BOR00176,13,0,0
BOR00177,1,0,0
BOR00178,19,0,0
BOR00179,21,0,0
BOR00180,29,0,0
BOR00181,17,0,0
BOR00182,3,0,0
BOR00183,19,0,0
BOR00184,2,0,0
BOR00185,21,0,0
BOR00186,0,0,0
BOR00187,25,0,0
BOR00188,19,1,0
BOR00189,17,0,0
BOR00190,15,0,0
BOR00191,15,0,0
BOR00192,1,0,0
BOR00193,26,0,0
BOR00194,29,0,0
BOR00195,1,0,0
BOR00196,2,0,0
BOR00197,0,0,0
BOR00198,10,0,0
BOR00199,2,0,0
BOR00200,22,0,0
BOR00201,13,0,0
BOR00202,22,0,0
BOR00203,2,0,0
BOR00204,17,0,0
BOR00205,1,0,0
BOR00206,14,0,0
BOR00207,18,0,0
BOR00208,17,0,0
BOR00209,18,0,0
BOR00210,19,0,0
BOR00211,22,0,0
BOR00212,27,0,0
BOR00213,2,0,0
BOR00214,3,0,0
BOR00215,0,0,0
BOR00216,16,0,0
BOR00217,0,0,0
BOR00218,20,0,0
BOR00219,28,0,0
BOR00220,24,0,0
BOR00221,21,0,0
BOR00222,1,0,0
BOR00223,29,0,0
BOR00224,33,0,0
BOR00225,0,0,0
BOR00226,17,0,0
BOR00227,0,0,0
BOR00228,28,0,0
BOR00229,30,0,0
BOR00230,24,0,0
BOR00231,2,0,0
BOR00232,30,0,0
BOR00233,22,0,0
BOR00234,18,0,0
BOR00235,5,0,0
BOR00236,29,0,0
BOR00237,29,0,0
BOR00238,0,0,0
BOR00239,3,0,0
BOR00240,21,0,0
BOR00241,0,0,0
BOR00242,0,0,0
BOR00243,16,0,0
BOR00244,33,0,0
BOR00245,20,0,0
BOR00246,2,0,0
BOR00247,22,0,0
BOR00248,27,0,0
BOR00249,22,0,0
BOR00250,26,0,0
BOR00251,19,0,0
BOR00252,22,0,0
BOR00253,2,0,0
BOR00254,7,0,0
BOR00255,16,0,0
BOR00256,25,0,0
BOR00257,15,0,0
BOR00258,16,0,0
BOR00259,9,0,1
BOR00260,11,0,0
BOR00261,24,0,0
BOR00262,1,0,0
BOR00263,2,0,0
BOR00264,0,0,0
BOR00265,0,0,0
BOR00266,23,0,0
BOR00267,0,0,0
BOR00268,15,0,0
BOR00269,22,0,0
BOR00270,20,0,0
BOR00271,23,0,0
BOR00272,1,0,0
BOR00273,26,0,0
BOR00274,19,0,0
BOR00275,23,0,0
BOR00276,29,0,0
BOR00277,15,0,0
BOR00278,29,0,0
BOR00279,26,0,0
BOR00280,18,0,0
BOR00281,22,0,0
BOR00282,26,0,0
BOR00283,33,1,0
BOR00284,25,0,0
BOR00285,34,0,0
BOR00286,27,0,0
BOR00287,26,0,0
BOR00288,20,0,0
BOR00289,29,0,0
BOR00290,32,0,0
BOR00291,34,0,0
BOR00292,28,0,0
BOR00293,30,0,0
BOR00294,26,0,0
BOR00295,24,0,0
BOR00296,2,0,0
BOR00297,21,0,0
BOR00298,30,0,0
BOR00299,0,0,0
BOR00300,35,0,0
BOR00301,2,0,0
BOR00302,28,0,0
BOR00303,22,0,0
BOR00304,19,0,0
BOR00305,33,1,0
BOR00306,25,0,0
BOR00307,1,0,0
BOR00308,3,0,0
BOR00309,19,0,0
BOR00310,0,0,0
BOR00311,23,0,0
BOR00312,0,0,0
BOR00313,27,0,0
BOR00314,28,0,0
BOR00315,20,0,0
BOR00316,0,0,0
BOR00317,22,0,0
BOR00318,2,0,0
BOR00319,18,0,0
BOR00320,20,0,0
BOR00321,4,0,0
BOR00322,27,0,0
BOR00323,13,0,0
BOR00324,21,0,0
BOR00325,2,0,0
BOR00326,19,0,0
BOR00327,19,0,0
BOR00328,0,0,0
BOR00329,0,0,0
BOR00330,0,0,0
BOR00331,14,0,0
BOR00332,16,0,0
BOR00333,0,0,0
BOR00334,36,0,0
BOR00335,23,0,0
BOR00336,36,0,0
BOR00337,28,0,0
BOR00338,23,0,0
BOR00339,28,0,0
BOR00340,40,0,0
BOR00341,24,0,0
BOR00342,32,0,0
BOR00343,27,0,0
BOR00344,21,0,0
BOR00345,27,0,0
BOR00346,26,0,0
BOR00347,30,0,1
BOR00348,0,0,0
BOR00349,26,0,0
BOR00350,0,0,0
BOR00351,28,0,0
BOR00352,21,2,0
BOR00353,31,0,0
BOR00354,24,0,0
BOR00355,22,0,0
BOR00356,24,0,0
BOR00357,19,0,0
BOR00358,24,0,0
BOR00359,0,0,0
BOR00360,0,0,0
BOR00361,32,0,0
BOR00362,20,0,0
BOR00363,4,0,0
BOR00364,16,0,0
BOR00365,22,0,0
BOR00366,2,0,0
BOR00367,22,0,0
BOR00368,25,0,0
BOR00369,0,0,0
BOR00370,3,0,0
BOR00371,20,0,0
BOR00372,18,0,0
BOR00373,32,0,0
BOR00374,0,0,0
BOR00375,25,0,0
BOR00376,2,0,0
BOR00377,1,0,0
BOR00378,22,0,0
BOR00379,28,0,0
BOR00380,0,0,0
BOR00381,30,0,0
BOR00382,28,0,0
BOR00383,0,0,0
BOR00384,20,0,0
BOR00385,3,0,0
BOR00386,19,0,0
BOR00387,28,0,0
BOR00388,2,0,0
BOR00389,26,0,0
BOR00390,22,0,0
BOR00391,34,0,0
BOR00392,25,0,0
BOR00393,32,0,0
BOR00394,19,0,0
BOR00395,24,0,0
BOR00396,20,0,0
BOR00397,24,0,0
BOR00398,23,0,0
BOR00399,0,0,0
BOR00400,0,0,0
BOR00401,23,0,0
BOR00402,35,0,0
BOR00403,35,0,0
BOR00404,2,0,0
BOR00405,24,0,0
BOR00406,16,0,0
BOR00407,0,0,0
BOR00408,24,0,0
BOR00409,25,0,0
BOR00410,1,0,0
BOR00411,23,0,0
BOR00412,19,0,0
BOR00413,24,0,0
BOR00414,21,0,0
BOR00415,19,0,0
BOR00416,0,0,0
BOR00417,21,0,0
BOR00418,22,0,0
BOR00419,24,0,0
BOR00420,18,0,0
BOR00421,25,0,0
BOR00422,1,0,0
BOR00423,0,0,0
BOR00424,23,2,0
BOR00425,24,0,0
BOR00426,17,0,0
BOR00427,18,0,0
BOR00428,26,0,0
BOR00429,22,0,0
BOR00430,22,0,0
BOR00431,0,0,0
BOR00432,2,0,0
BOR00433,25,0,0
BOR00434,20,0,0
BOR00435,3,0,0
BOR00436,18,0,0
BOR00437,21,0,0
BOR00438,25,0,0
BOR00439,3,0,0
BOR00440,24,0,0
BOR00441,29,0,0
BOR00442,29,0,0
BOR00443,26,0,0
BOR00444,24,0,0
BOR00445,3,0,0
BOR00446,27,0,0
BOR00447,15,0,0
BOR00448,1,0,0
BOR00449,0,0,0
BOR00450,24,0,0
BOR00451,29,0,0
BOR00452,27,0,0
BOR00453,24,0,0
BOR00454,24,0,0
BOR00455,16,0,0
BOR00456,26,0,0
BOR00457,32,0,0
BOR00458,27,0,0
BOR00459,0,0,0
BOR00460,26,0,0
BOR00461,0,0,0
BOR00462,0,0,0
BOR00463,19,0,0
BOR00464,3,0,0
BOR00465,23,0,0
BOR00466,2,0,0
BOR00467,32,0,0
BOR00468,29,0,0
BOR00469,0,0,0
BOR00470,35,0,0
BOR00471,23,0,0
BOR00472,23,0,0
BOR00473,22,0,0
BOR00474,27,0,0
BOR00475,1,0,0
BOR00476,3,0,0
BOR00477,1,1,0
BOR00478,14,0,0
BOR00479,25,0,0
BOR00480,20,0,0
BOR00481,5,0,0
BOR00482,18,1,0
BOR00483,26,0,0
BOR00484,2,0,0
BOR00485,0,0,0
BOR00486,0,0,0
BOR00487,25,0,0
BOR00488,22,0,0
BOR00489,29,0,0
BOR00490,3,0,0
BOR00491,28,0,0
BOR00492,35,0,0
BOR00493,25,0,0
BOR00494,40,0,0
BOR00495,23,0,0
BOR00496,20,0,0
BOR00497,0,0,0
BOR00498,35,0,0
BOR00499,25,0,0
BOR00500,30,0,0
BOR00501,24,0,0
BOR00502,31,0,0
BOR00503,30,0,0
BOR00504,27,1,0
BOR00505,1,0,0
BOR00506,32,0,0
BOR00507,31,0,0
BOR00508,30,0,0
BOR00509,25,0,0
BOR00510,2,0,0
BOR00511,37,0,0
BOR00512,0,0,0
BOR00513,1,0,0
BOR00514,0,0,0
BOR00515,25,0,0
BOR00516,35,0,0
BOR00517,0,0,0
BOR00518,28,0,0
BOR00519,3,0,0
BOR00520,34,0,0
BOR00521,35,0,0
BOR00522,21,0,0
BOR00523,31,0,0
BOR00524,24,0,0
BOR00525,27,0,0
BOR00526,21,0,0
BOR00527,19,0,0
BOR00528,0,0,0
BOR00529,0,0,0
BOR00530,13,0,0
BOR00531,27,0,0
BOR00532,1,0,0
BOR00533,5,0,0
BOR00534,30,0,0
BOR00535,0,0,0
BOR00536,1,0,0
BOR00537,0,0,0
BOR00538,0,0,0
BOR00539,26,0,0
BOR00540,0,0,0
BOR00541,0,0,0
BOR00542,0,0,0
BOR00543,30,0,0
BOR00544,21,0,0
BOR00545,24,0,0
BOR00546,26,0,0
BOR00547,0,0,0
BOR00548,1,0,0
BOR00549,25,0,0
BOR00550,25,0,0
BOR00551,28,0,0
BOR00552,30,0,0
BOR00553,16,0,0
BOR00554,31,0,0
BOR00555,32,0,0
BOR00556,4,0,0
BOR00557,37,0,0
BOR00558,32,0,1
BOR00559,2,0,0
BOR00560,0,0,0
BOR00561,32,0,0
BOR00562,33,0,0
BOR00563,36,0,0
BOR00564,0,0,0
BOR00565,37,0,0
BOR00566,0,0,0
BOR00567,23,0,0
BOR00568,0,0,0
BOR00569,25,0,0
BOR00570,32,0,0
BOR00571,3,0,0
BOR00572,21,0,0
BOR00573,28,0,0
BOR00574,31,0,0
BOR00575,27,0,0
BOR00576,27,0,0
BOR00577,0,0,0
BOR00578,27,0,0
BOR00579,26,0,0
BOR00580,22,0,0
BOR00581,0,0,0
BOR00582,24,0,0
BOR00583,28,0,0
BOR00584,8,0,0
BOR00585,24,1,0
BOR00586,13,0,0
BOR00587,25,0,0
BOR00588,15,0,0
BOR00589,0,0,0
BOR00590,2,0,0
BOR00591,22,0,0
BOR00592,4,0,0
BOR00593,27,0,0
BOR00594,28,0,0
BOR00595,0,0,0
BOR00596,29,0,0
BOR00597,28,0,0
BOR00598,38,0,0
BOR00599,30,0,0
BOR00600,28,0,0
BOR00601,32,0,0
BOR00602,0,0,0
BOR00603,0,0,0
BOR00604,35,0,0
BOR00605,28,0,0
BOR00606,37,0,0
BOR00607,28,0,0
BOR00608,25,0,0
BOR00609,35,0,0
BOR00610,32,0,0
BOR00611,0,0,0
BOR00612,23,0,0
BOR00613,28,0,0
BOR00614,26,0,0
BOR00615,27,0,0
BOR00616,29,0,0
BOR00617,31,0,0
BOR00618,26,0,0
BOR00619,32,0,0
BOR00620,38,0,0
BOR00621,30,0,0
BOR00622,35,0,0
BOR00623,0,0,0
BOR00624,30,0,0
BOR00625,34,0,0
BOR00626,30,0,0
BOR00627,33,0,0
BOR00628,24,0,0
BOR00629,21,0,0
BOR00630,27,0,0
BOR00631,16,0,0
BOR00632,32,0,0
BOR00633,0,0,0
BOR00634,0,0,0
BOR00635,0,0,0
BOR00636,20,0,0
BOR00637,23,0,0
BOR00638,18,0,0
BOR00639,21,0,0
BOR00640,1,0,0
BOR00641,24,0,0
BOR00642,0,0,0
BOR00643,17,0,0
BOR00644,1,0,0
BOR00645,19,0,0
BOR00646,17,0,0
BOR00647,22,0,0
BOR00648,31,0,0
BOR00649,23,0,0
BOR00650,23,0,0
BOR00651,29,0,0
BOR00652,31,0,0
BOR00653,0,0,0
BOR00654,29,0,0
BOR00655,28,0,0
BOR00656,25,0,0
BOR00657,28,0,0
BOR00658,24,0,0
BOR00659,33,0,0
BOR00660,25,0,0
BOR00661,19,0,0
BOR00662,0,0,0
BOR00663,1,0,0
BOR00664,28,1,0
BOR00665,1,0,0
BOR00666,1,0,0
BOR00667,1,0,0
BOR00668,39,0,0
BOR00669,4,0,0
BOR00670,1,0,0
BOR00671,6,0,0
BOR00672,32,0,0
BOR00673,35,0,0
BOR00674,31,0,0
BOR00675,0,0,0
BOR00676,32,0,0
BOR00677,33,0,0
BOR00678,35,0,0
BOR00679,26,0,0
BOR00680,26,0,0
BOR00681,25,0,0
BOR00682,3,0,0
BOR00683,28,0,0
BOR00684,5,0,0
BOR00685,23,0,0
BOR00686,1,0,0
BOR00687,31,1,0
BOR00688,34,0,0
BOR00689,32,0,0
BOR00690,21,0,0
BOR00691,0,0,0
BOR00692,0,0,0
BOR00693,20,0,0
BOR00694,23,0,0
BOR00695,17,0,0
BOR00696,1,0,0
BOR00697,3,0,0
BOR00698,33,0,0
BOR00699,22,0,0
BOR00700,0,0,0
BOR00701,22,0,0
BOR00702,31,0,0
BOR00703,31,0,0
BOR00704,31,0,0
BOR00705,38,0,0
BOR00706,0,0,0
BOR00707,26,0,0
BOR00708,25,0,0
BOR00709,27,0,0
BOR00710,6,0,0
BOR00711,33,0,0
BOR00712,38,0,0
BOR00713,1,0,0
BOR00714,27,0,0
BOR00715,4,0,0
BOR00716,0,0,0
BOR00717,28,0,0
BOR00718,0,0,0
BOR00719,29,0,0
BOR00720,30,0,0
BOR00721,35,0,0
BOR00722,24,0,0
BOR00723,32,0,0
BOR00724,44,0,0
BOR00725,30,0,0
BOR00726,3,0,0
BOR00727,30,0,0
BOR00728,30,0,0
BOR00729,6,0,0
BOR00730,0,0,0
BOR00731,0,0,0
BOR00732,18,0,0
BOR00733,40,0,0
BOR00734,21,0,0
BOR00735,22,0,0
BOR00736,3,0,0
BOR00737,27,0,0
BOR00738,23,0,0
BOR00739,25,0,0
BOR00740,27,0,0
BOR00741,0,0,0
BOR00742,22,0,0
BOR00743,21,0,0
BOR00744,22,0,0
BOR00745,2,0,0
BOR00746,22,0,0
BOR00747,17,0,0
BOR00748,22,2,0
BOR00749,25,0,0
BOR00750,0,0,0
BOR00751,0,0,0
BOR00752,0,0,0
BOR00753,33,0,0
BOR00754,1,0,0
BOR00755,0,0,0
BOR00756,31,0,0
BOR00757,34,0,0
BOR00758,40,0,0
BOR00759,20,0,0
BOR00760,23,0,0
BOR00761,0,0,0
BOR00762,0,0,0
BOR00763,0,0,0
BOR00764,26,0,0
BOR00765,3,0,0
BOR00766,21,0,0
BOR00767,46,0,0
BOR00768,35,0,0
BOR00769,28,0,0
BOR00770,39,0,0
BOR00771,0,0,0
BOR00772,2,0,0
BOR00773,30,0,0
BOR00774,2,0,0
BOR00775,1,0,0
BOR00776,39,0,0
BOR00777,28,0,0
BOR00778,34,0,0
BOR00779,23,0,0
BOR00780,34,0,0
BOR00781,34,0,0
BOR00782,29,0,0
BOR00783,28,0,0
BOR00784,22,0,0
BOR00785,22,0,0
BOR00786,29,0,0
BOR00787,35,0,0
BOR00788,0,0,0
BOR00789,38,0,0
BOR00790,25,0,1
BOR00791,22,0,1
BOR00792,32,0,0
BOR00793,21,0,0
BOR00794,3,0,0
BOR00795,0,0,0
BOR00796,18,0,0
BOR00797,15,0,0
BOR00798,15,0,0
BOR00799,25,0,0
BOR00800,6,0,0
BOR00801,20,0,0
BOR00802,23,0,0
BOR00803,0,0,0
BOR00804,0,0,0
BOR00805,22,0,0
BOR00806,1,0,0
BOR00807,27,0,0
BOR00808,0,0,0
BOR00809,0,0,0
BOR00810,37,0,0
BOR00811,2,0,0
BOR00812,3,0,0
BOR00813,0,0,0
BOR00814,24,0,0
BOR00815,31,0,0
BOR00816,34,0,0
BOR00817,35,0,0
BOR00818,0,0,0
BOR00819,33,0,0
BOR00820,33,2,0
BOR00821,39,0,0
BOR00822,4,0,0
BOR00823,31,0,0
BOR00824,25,0,0
BOR00825,0,0,0
BOR00826,50,0,0
BOR00827,48,0,0
BOR00828,34,0,0
BOR00829,34,0,0
BOR00830,31,0,0
BOR00831,42,0,0
BOR00832,38,0,0
BOR00833,28,0,0
BOR00834,41,0,0
BOR00835,0,0,0
BOR00836,0,0,0
BOR00837,27,0,0
BOR00838,32,0,0
BOR00839,38,0,0
BOR00840,2,0,0
BOR00841,0,0,0
BOR00842,0,0,0
BOR00843,36,0,0
BOR00844,36,0,0
BOR00845,29,0,0
BOR00846,36,0,0
BOR00847,35,1,0
BOR00848,29,0,0
BOR00849,0,0,0
BOR00850,0,0,0
BOR00851,2,0,0
BOR00852,28,0,0
BOR00853,26,0,0
BOR00854,26,0,0
BOR00855,0,0,0
BOR00856,21,0,0
BOR00857,24,0,0
BOR00858,22,0,0
BOR00859,1,0,0
BOR00860,36,0,0
BOR00861,21,0,0
BOR00862,29,0,0
BOR00863,28,0,0
BOR00864,21,0,0
BOR00865,0,0,0
BOR00866,29,0,0
BOR00867,24,0,0
BOR00868,30,0,0
BOR00869,36,0,0
BOR00870,4,0,0
BOR00871,31,0,0
BOR00872,3,0,0
BOR00873,42,0,0
BOR00874,32,0,0
BOR00875,32,0,0
BOR00876,33,0,0
BOR00877,34,0,0
BOR00878,34,0,0
BOR00879,31,0,0
BOR00880,38,0,0
BOR00881,37,0,0
BOR00882,4,0,0
BOR00883,34,0,0
BOR00884,35,1,0
BOR00885,39,0,0
BOR00886,3,0,0
BOR00887,36,0,0
BOR00888,36,0,0
BOR00889,35,0,0
BOR00890,34,0,0
BOR00891,29,0,0
BOR00892,1,0,0
BOR00893,24,0,0
BOR00894,0,0,0
BOR00895,5,0,0
BOR00896,37,0,1
BOR00897,24,0,0
BOR00898,30,0,0
BOR00899,33,0,0
BOR00900,0,0,0
BOR00901,2,0,0
BOR00902,0,0,0
BOR00903,24,0,0
BOR00904,21,0,0
BOR00905,25,0,0
BOR00906,25,0,0
BOR00907,30,0,0
BOR00908,27,0,0
BOR00909,2,0,0
BOR00910,0,0,0
BOR00911,22,0,0
BOR00912,2,0,0
BOR00913,21,0,0
BOR00914,23,0,0
BOR00915,33,0,0
BOR00916,30,0,0
BOR00917,28,0,0
BOR00918,17,0,0
BOR00919,22,1,0
BOR00920,4,0,0
BOR00921,2,0,0
BOR00922,6,0,0
BOR00923,28,0,0
BOR00924,32,0,0
BOR00925,33,0,0
BOR00926,34,0,0
BOR00927,2,0,0
BOR00928,0,0,0
BOR00929,28,0,0
BOR00930,3,0,0
BOR00931,28,0,0
BOR00932,0,0,0
BOR00933,0,0,0
BOR00934,38,0,0
BOR00935,33,0,0
BOR00936,28,0,0
BOR00937,42,0,0
BOR00938,36,0,0
BOR00939,1,0,0
BOR00940,48,0,0
BOR00941,29,2,0
BOR00942,4,0,0
BOR00943,49,0,0
BOR00944,34,0,0
BOR00945,34,0,0
BOR00946,28,0,0
BOR00947,36,0,0
BOR00948,30,0,0
BOR00949,31,1,0
BOR00950,24,0,0
BOR00951,23,0,0
BOR00952,34,0,0
BOR00953,27,0,0
BOR00954,4,0,0
BOR00955,18,0,0
BOR00956,29,0,0
BOR00957,23,0,0
BOR00958,18,0,0
BOR00959,33,0,0
BOR00960,4,0,0
BOR00961,0,0,0
BOR00962,18,0,0
BOR00963,20,0,0
BOR00964,34,0,0
BOR00965,22,0,0
BOR00966,29,0,0
BOR00967,25,0,0
BOR00968,1,0,0
BOR00969,16,0,0
BOR00970,2,0,0
BOR00971,18,0,0
BOR00972,32,0,0
BOR00973,29,0,0
BOR00974,3,0,0
BOR00975,0,0,0
BOR00976,32,0,0
BOR00977,0,0,0
BOR00978,26,0,0
BOR00979,28,0,0
BOR00980,0,0,0
BOR00981,24,0,0
BOR00982,37,0,0
BOR00983,40,0,0
BOR00984,30,0,0
BOR00985,29,0,0
BOR00986,41,0,0
BOR00987,37,0,0
BOR00988,0,0,0
BOR00989,3,0,0
BOR00990,0,0,0
BOR00991,0,0,0
BOR00992,40,0,0
BOR00993,37,0,0
BOR00994,0,0,0
BOR00995,36,0,0
BOR00996,28,0,0
BOR00997,0,0,0
BOR00998,29,0,0
BOR00999,46,0,0
BOR01000,28,0,0
BOR01001,36,0,0
BOR01002,1,0,0
BOR01003,3,2,0
BOR01004,42,0,0
BOR01005,26,0,0
BOR01006,3,0,0
BOR01007,38,0,0
BOR01008,0,0,0
BOR01009,3,0,0
BOR01010,1,0,0
BOR01011,24,0,0
BOR01012,20,0,0
BOR01013,28,0,0
BOR01014,20,0,0
BOR01015,22,0,0
BOR01016,17,0,0
BOR01017,25,0,0
BOR01018,0,0,0
BOR01019,24,0,0
BOR01020,24,0,0
BOR01021,30,0,0
BOR01022,2,0,0
BOR01023,0,0,0
BOR01024,34,0,0
BOR01025,23,0,0
BOR01026,27,0,0
BOR01027,29,0,0
BOR01028,26,0,0
BOR01029,36,0,0
BOR01030,34,0,0
BOR01031,33,0,0
BOR01032,30,0,0
BOR01033,40,0,0
BOR01034,29,0,0
BOR01035,44,0,0
BOR01036,29,0,0
BOR01037,2,0,0
BOR01038,32,0,0
BOR01039,2,0,0
BOR01040,30,0,0
BOR01041,27,0,0
BOR01042,34,0,0
BOR01043,36,0,0
BOR01044,5,0,0
BOR01045,0,0,0
BOR01046,43,0,0
BOR01047,39,0,0
BOR01048,38,0,0
BOR01049,43,0,0
BOR01050,26,0,0
BOR01051,39,0,0
BOR01052,1,0,0
BOR01053,24,0,0
BOR01054,39,0,0
BOR01055,30,0,0
BOR01056,1,0,0
BOR01057,35,0,0
BOR01058,29,0,0
BOR01059,24,0,0
BOR01060,0,0,0
BOR01061,0,0,0
BOR01062,23,0,0
BOR01063,21,0,0
BOR01064,20,0,0
BOR01065,30,0,0
BOR01066,0,0,0
BOR01067,19,0,0
BOR01068,19,0,0
BOR01069,3,0,0
BOR01070,4,0,0
BOR01071,18,0,0
BOR01072,0,0,0
BOR01073,29,0,0
BOR01074,29,0,0
BOR01075,25,0,0
BOR01076,26,0,0
BOR01077,27,0,0
BOR01078,36,0,0
BOR01079,26,0,0
BOR01080,46,0,0
BOR01081,27,0,0
BOR01082,26,0,0
BOR01083,2,0,0
BOR01084,38,0,0
BOR01085,2,0,0
BOR01086,2,0,0
BOR01087,24,0,0
BOR01088,35,0,0
BOR01089,35,0,0
BOR01090,38,0,0
BOR01091,38,0,0
BOR01092,47,0,0
BOR01093,35,0,0
BOR01094,0,0,0
BOR01095,31,0,0
BOR01096,40,0,0
BOR01097,30,0,0
BOR01098,0,0,0
BOR01099,25,0,0
BOR01100,0,0,0
BOR01101,26,0,0
BOR01102,36,0,0
BOR01103,0,0,0
BOR01104,31,0,0
BOR01105,28,0,0
BOR01106,39,0,0
BOR01107,25,0,0
BOR01108,18,0,0
BOR01109,31,0,0
BOR01110,8,0,0
BOR01111,30,0,0
BOR01112,27,0,0
BOR01113,35,0,0
BOR01114,27,0,0
BOR01115,29,0,0
BOR01116,19,0,0
BOR01117,2,0,0
BOR01118,26,0,0
BOR01119,2,0,0
BOR01120,0,0,0
BOR01121,21,0,0
BOR01122,15,0,0
BOR01123,14,0,0
BOR01124,18,0,0
BOR01125,0,0,0
BOR01126,2,0,0
BOR01127,0,0,0
BOR01128,3,0,0
BOR01129,1,0,0
BOR01130,33,0,0
BOR01131,28,0,0
BOR01132,29,0,0
BOR01133,0,0,0
BOR01134,35,0,0
BOR01135,33,0,0
BOR01136,4,0,0
BOR01137,36,0,0
BOR01138,28,0,0
BOR01139,30,0,0
BOR01140,50,0,0
BOR01141,31,0,0
BOR01142,41,0,0
BOR01143,40,0,0
BOR01144,31,0,0
BOR01145,37,0,0
BOR01146,0,0,0
BOR01147,49,0,0
BOR01148,2,0,0
BOR01149,32,0,0
BOR01150,1,0,0
BOR01151,33,0,0
BOR01152,28,0,0
BOR01153,37,0,0
BOR01154,5,0,0
BOR01155,28,0,0
BOR01156,36,0,0
BOR01157,31,0,0
BOR01158,24,0,0
BOR01159,32,0,0
BOR01160,35,0,0
BOR01161,42,0,0
BOR01162,31,0,0
BOR01163,37,0,0
BOR01164,24,0,0
BOR01165,29,0,0
BOR01166,5,0,0
BOR01167,34,0,0
BOR01168,0,0,0
BOR01169,0,0,0
BOR01170,3,2,0
BOR01171,25,0,0
BOR01172,23,0,0
BOR01173,0,0,0
BOR01174,0,0,0
BOR01175,0,0,0
BOR01176,4,0,0
BOR01177,21,0,0
BOR01178,27,0,0
BOR01179,32,0,0
BOR01180,42,0,0
BOR01181,0,0,0
BOR01182,16,0,0
BOR01183,20,0,0
BOR01184,26,0,0
BOR01185,29,0,0
BOR01186,29,0,0
BOR01187,28,0,0
BOR01188,33,0,0
BOR01189,29,0,0
BOR01190,32,0,0
BOR01191,32,0,0
BOR01192,21,0,0
BOR01193,0,0,0
BOR01194,26,0,0
BOR01195,4,0,0
BOR01196,5,0,0
BOR01197,37,0,0
BOR01198,31,0,0
BOR01199,33,0,0
BOR01200,29,0,0
BOR01201,36,0,0
BOR01202,3,2,0
BOR01203,30,0,0
BOR01204,37,1,0
BOR01205,25,0,0
BOR01206,28,0,0
BOR01207,24,0,0
BOR01208,4,0,0
BOR01209,3,0,0
BOR01210,22,0,0
BOR01211,32,0,0
BOR01212,34,0,0
BOR01213,22,0,0
BOR01214,36,0,0
BOR01215,34,0,0
BOR01216,2,0,0
BOR01217,0,0,0
BOR01218,25,0,0
BOR01219,22,0,0
BOR01220,3,0,0
BOR01221,28,0,0
BOR01222,26,0,0
BOR01223,25,0,0
BOR01224,0,0,0
BOR01225,28,0,0
BOR01226,19,0,0
BOR01227,17,0,0
BOR01228,19,0,1
BOR01229,19,0,0
BOR01230,28,0,0
BOR01231,0,0,0
BOR01232,17,0,0
BOR01233,20,0,0
BOR01234,4,0,0
BOR01235,29,0,0
BOR01236,25,0,0
BOR01237,0,0,0
BOR01238,0,0,0
BOR01239,3,0,0
BOR01240,30,0,0
BOR01241,32,0,0
BOR01242,39,0,0
BOR01243,32,0,0
BOR01244,38,0,0
BOR01245,36,0,0
BOR01246,0,0,0
BOR01247,28,0,0
BOR01248,35,0,0
BOR01249,30,0,1
BOR01250,29,0,0
BOR01251,32,0,0
BOR01252,3,0,0
BOR01253,39,0,0
BOR01254,33,0,0
BOR01255,39,0,0
BOR01256,38,0,0
BOR01257,30,0,0
BOR01258,43,0,0
BOR01259,36,0,0
BOR01260,27,0,0
BOR01261,30,1,0
BOR01262,1,0,0
BOR01263,35,0,0
BOR01264,28,0,0
BOR01265,3,0,0
BOR01266,1,0,0
BOR01267,34,1,0
BOR01268,25,0,0
BOR01269,4,0,0
BOR01270,0,0,0
BOR01271,29,0,0
BOR01272,21,0,0
BOR01273,24,0,0
BOR01274,19,0,0
BOR01275,32,0,0
BOR01276,21,0,0
BOR01277,22,0,0
BOR01278,26,0,0
BOR01279,18,0,0
BOR01280,21,0,0
BOR01281,2,0,0
BOR01282,1,0,0
BOR01283,25,0,0
BOR01284,26,0,0
BOR01285,0,0,0
BOR01286,33,0,0
BOR01287,0,0,0
BOR01288,19,0,0
BOR01289,20,0,0
BOR01290,23,0,0
BOR01291,30,0,0
BOR01292,25,0,0
BOR01293,35,0,0
BOR01294,24,0,0
BOR01295,48,0,0
BOR01296,0,0,0
BOR01297,26,0,0
BOR01298,34,0,0
BOR01299,31,0,0
BOR01300,34,0,0
BOR01301,39,0,0
BOR01302,35,0,0
BOR01303,24,0,0
BOR01304,34,0,0
BOR01305,27,0,0
BOR01306,35,0,0
BOR01307,4,0,0
BOR01308,34,0,0
BOR01309,33,0,0
BOR01310,0,0,0
BOR01311,0,0,0
BOR01312,36,0,0
BOR01313,39,0,0
BOR01314,0,0,0
BOR01315,0,0,0
BOR01316,24,0,0
BOR01317,30,0,0
BOR01318,26,0,0
BOR01319,31,0,0
BOR01320,23,0,0
BOR01321,29,0,0
BOR01322,4,0,0
BOR01323,2,0,0
BOR01324,32,1,0
BOR01325,34,0,0
BOR01326,26,0,0
BOR01327,29,0,0
BOR01328,29,0,0
BOR01329,20,0,0
BOR01330,2,0,0
BOR01331,25,0,0
BOR01332,2,0,0
BOR01333,17,0,0
BOR01334,20,0,0
BOR01335,23,0,0
BOR01336,31,0,0
BOR01337,25,0,0
BOR01338,28,0,0
BOR01339,0,0,0
BOR01340,15,0,0
BOR01341,26,0,0
BOR01342,26,0,0
BOR01343,22,0,0
BOR01344,22,0,0
BOR01345,31,0,0
BOR01346,3,2,0
BOR01347,29,0,0
BOR01348,0,0,0
BOR01349,39,0,0
BOR01350,27,0,0
BOR01351,39,0,0
BOR01352,35,0,0
BOR01353,31,0,0
BOR01354,27,0,0
BOR01355,34,0,0
BOR01356,25,0,0
BOR01357,28,0,0
BOR01358,0,0,0
BOR01359,0,0,0
BOR01360,33,0,0
BOR01361,0,0,0
BOR01362,31,1,0
BOR01363,39,0,0
BOR01364,22,0,0
BOR01365,30,0,0
BOR01366,30,0,0
BOR01367,1,0,0
BOR01368,5,0,0
BOR01369,0,0,0
BOR01370,17,0,0
BOR01371,0,0,0
BOR01372,23,0,0
BOR01373,26,0,0
BOR01374,34,0,0
BOR01375,33,0,0
BOR01376,26,0,0
BOR01377,23,0,0
BOR01378,25,0,0
BOR01379,30,0,0
BOR01380,0,0,0
BOR01381,31,0,0
BOR01382,1,0,0
BOR01383,25,0,0
BOR01384,23,0,0
BOR01385,3,0,0
BOR01386,2,0,0
BOR01387,21,0,0
BOR01388,19,0,0
BOR01389,26,0,0
BOR01390,27,0,0
BOR01391,26,0,0
BOR01392,32,0,0
BOR01393,29,0,0
BOR01394,28,0,0
BOR01395,27,0,0
BOR01396,38,0,0
BOR01397,26,0,0
BOR01398,25,0,0
BOR01399,31,0,0
BOR01400,28,0,0
BOR01401,0,0,0
BOR01402,23,0,0
BOR01403,2,0,0
BOR01404,35,0,0
BOR01405,31,0,0
BOR01406,33,0,0
BOR01407,6,0,0
BOR01408,27,0,0
BOR01409,0,0,0
BOR01410,30,0,0
BOR01411,34,0,0
BOR01412,36,0,0
BOR01413,32,0,0
BOR01414,31,0,0
BOR01415,37,0,0
BOR01416,2,0,0
BOR01417,33,0,0
BOR01418,33,0,0
BOR01419,34,0,0
BOR01420,24,0,0
BOR01421,24,0,0
BOR01422,34,0,0
BOR01423,29,0,0
BOR01424,20,0,0
BOR01425,31,0,0
BOR01426,4,0,0
BOR01427,22,0,0
BOR01428,1,0,0
BOR01429,25,0,0
BOR01430,31,0,0
BOR01431,30,0,0
BOR01432,19,0,0
BOR01433,24,0,0
BOR01434,1,0,0
BOR01435,22,0,0
BOR01436,25,0,0
BOR01437,20,0,0
BOR01438,34,0,1
BOR01439,0,0,0
BOR01440,18,0,0
BOR01441,19,0,0
BOR01442,0,0,0
BOR01443,16,0,0
BOR01444,25,0,0
BOR01445,21,0,0
BOR01446,23,0,0
BOR01447,20,0,0
BOR01448,23,0,0
BOR01449,29,0,0
BOR01450,34,0,0
BOR01451,20,0,0
BOR01452,28,0,0
BOR01453,29,0,0
BOR01454,1,0,0
BOR01455,28,0,0
BOR01456,19,0,0
BOR01457,22,0,0
BOR01458,34,0,0
BOR01459,33,0,0
BOR01460,26,0,0
BOR01461,40,0,0
BOR01462,34,0,0
BOR01463,23,0,0
BOR01464,35,0,0
BOR01465,25,0,0
BOR01466,3,0,0
BOR01467,1,0,0
BOR01468,30,0,0
BOR01469,26,1,0
BOR01470,33,0,0
BOR01471,29,0,0
BOR01472,29,0,0
BOR01473,23,0,0
BOR01474,26,0,0
BOR01475,22,0,0
BOR01476,33,0,0
BOR01477,1,0,0
BOR01478,3,0,0
BOR01479,4,0,0
BOR01480,26,0,0
BOR01481,21,0,0
BOR01482,5,0,0
BOR01483,4,0,0
BOR01484,28,0,0
BOR01485,27,0,0
BOR01486,35,0,0
BOR01487,3,0,0
BOR01488,25,0,0
BOR01489,32,0,0
BOR01490,27,0,0
BOR01491,25,0,0
BOR01492,24,0,0
BOR01493,23,0,0
BOR01494,23,0,0
BOR01495,0,0,0
BOR01496,0,0,0
BOR01497,2,0,0
BOR01498,21,0,0
BOR01499,16,0,0
BOR01500,32,0,0
BOR01501,4,0,0
BOR01502,19,0,0
BOR01503,21,2,0
BOR01504,26,0,0
BOR01505,4,0,0
BOR01506,26,0,0
BOR01507,0,0,0
BOR01508,26,0,0
BOR01509,30,0,0
BOR01510,38,0,0
BOR01511,25,0,0
BOR01512,26,0,0
BOR01513,1,0,0
BOR01514,0,0,0
BOR01515,29,0,0
BOR01516,0,0,0
BOR01517,0,0,0
BOR01518,27,0,0
BOR01519,0,0,0
BOR01520,40,0,0
BOR01521,0,0,0
BOR01522,36,0,0
BOR01523,33,0,0
BOR01524,0,0,0
BOR01525,34,0,0
BOR01526,28,0,0
BOR01527,28,0,0
BOR01528,32,0,0
BOR01529,2,0,0
BOR01530,22,0,0
BOR01531,3,0,0
BOR01532,18,0,0
BOR01533,27,0,0
BOR01534,23,2,0
BOR01535,21,0,0
BOR01536,21,0,0
BOR01537,33,0,0
BOR01538,32,0,0
BOR01539,2,0,0
BOR01540,28,0,0
BOR01541,26,0,0
BOR01542,22,0,0
BOR01543,21,0,0
BOR01544,0,0,0
BOR01545,1,0,0
BOR01546,24,0,0
BOR01547,19,0,0
BOR01548,19,2,1
BOR01549,22,0,0
BOR01550,21,0,0
BOR01551,23,0,0
BOR01552,2,0,0
BOR01553,17,0,0
BOR01554,19,0,0
BOR01555,23,0,0
BOR01556,19,0,0
BOR01557,9,0,0
BOR01558,26,0,0
BOR01559,22,0,0
BOR01560,0,0,0
BOR01561,18,0,0
BOR01562,32,0,0
BOR01563,25,0,0
BOR01564,29,2,0
BOR01565,24,0,0
BOR01566,17,0,0
BOR01567,26,0,0
BOR01568,0,0,0
BOR01569,31,0,0
BOR01570,27,0,0
BOR01571,29,0,0
BOR01572,22,0,0
BOR01573,35,0,0
BOR01574,21,0,0
BOR01575,1,0,0
BOR01576,0,0,0
BOR01577,25,0,0
BOR01578,28,0,0
BOR01579,23,0,0
BOR01580,29,0,0
BOR01581,31,0,0
BOR01582,26,0,0
BOR01583,28,0,0
BOR01584,31,0,0
BOR01585,31,0,0
BOR01586,25,0,0
BOR01587,22,0,0
BOR01588,29,0,0
BOR01589,21,0,0
BOR01590,27,0,0
BOR01591,26,0,0
BOR01592,24,0,0
BOR01593,0,0,0
BOR01594,22,0,0
BOR01595,0,0,0
BOR01596,0,0,0
BOR01597,26,0,0
BOR01598,23,0,0
BOR01599,21,0,0
BOR01600,19,2,0
BOR01601,15,1,0
BOR01602,21,0,0
BOR01603,24,0,0
BOR01604,15,0,0
BOR01605,12,0,0
BOR01606,24,0,0
BOR01607,23,0,0
BOR01608,29,0,0
BOR01609,23,0,0
BOR01610,2,0,0
BOR01611,23,0,0
BOR01612,0,0,0
BOR01613,1,0,0
BOR01614,28,0,0
BOR01615,24,0,0
BOR01616,17,0,0
BOR01617,26,0,0
BOR01618,18,0,0
BOR01619,0,0,0
BOR01620,20,0,0
BOR01621,22,0,0
BOR01622,33,0,0
BOR01623,34,0,0
BOR01624,27,0,0
BOR01625,35,0,0
BOR01626,3,0,0
BOR01627,24,0,0
BOR01628,34,0,0
BOR01629,25,0,0
BOR01630,23,0,0
BOR01631,29,0,0
BOR01632,32,0,0
BOR01633,2,0,0
BOR01634,29,0,0
BOR01635,21,0,0
BOR01636,40,0,0
BOR01637,0,0,0
BOR01638,24,0,0
BOR01639,26,0,0
BOR01640,27,0,0
BOR01641,4,2,0
BOR01642,2,0,0
BOR01643,23,0,0
BOR01644,27,0,0
BOR01645,26,0,0
BOR01646,17,0,0
BOR01647,17,0,0
BOR01648,26,0,0
BOR01649,2,0,0
BOR01650,1,0,0
BOR01651,19,0,0
BOR01652,0,0,0
BOR01653,20,0,0
BOR01654,2,0,0
BOR01655,28,0,0
BOR01656,10,0,0
BOR01657,21,0,0
BOR01658,20,0,0
BOR01659,21,0,0
BOR01660,22,0,0
BOR01661,0,0,0
BOR01662,27,0,0
BOR01663,25,0,0
BOR01664,23,0,0
BOR01665,16,1,0
BOR01666,19,0,0
BOR01667,0,0,0
BOR01668,28,0,0
BOR01669,1,0,0
BOR01670,4,0,0
BOR01671,4,0,0
BOR01672,25,0,0
BOR01673,26,0,0
BOR01674,3,0,0
BOR01675,36,0,0
BOR01676,1,0,0
BOR01677,22,0,0
BOR01678,2,0,0
BOR01679,27,0,0
BOR01680,33,0,0
BOR01681,25,0,0
BOR01682,1,0,0
BOR01683,20,0,0
BOR01684,33,0,0
BOR01685,0,0,0
BOR01686,0,0,0
BOR01687,0,0,0
BOR01688,34,0,0
BOR01689,0,0,0
BOR01690,18,0,0
BOR01691,4,0,0
BOR01692,30,0,0
BOR01693,20,0,0
BOR01694,1,0,0
BOR01695,24,0,0
BOR01696,3,0,0
BOR01697,1,0,0
BOR01698,19,0,0
BOR01699,21,0,0
BOR01700,20,0,0
BOR01701,1,0,0
BOR01702,14,0,0
BOR01703,25,0,0
BOR01704,2,0,0
BOR01705,19,0,0
BOR01706,1,0,0
BOR01707,17,0,0
BOR01708,15,0,0
BOR01709,22,0,0
BOR01710,22,0,0
BOR01711,0,0,0
BOR01712,2,0,0
BOR01713,3,0,0
BOR01714,1,0,0
BOR01715,20,0,0
BOR01716,14,0,0
BOR01717,21,0,0
BOR01718,0,0,0
BOR01719,20,0,0
BOR01720,3,0,0
BOR01721,17,0,0
BOR01722,23,0,0
BOR01723,0,0,0
BOR01724,1,0,0
BOR01725,16,0,0
BOR01726,3,0,0
BOR01727,20,0,0
BOR01728,3,0,0
BOR01729,1,0,0
BOR01730,4,0,0
BOR01731,27,0,0
BOR01732,0,0,0
BOR01733,18,0,0
BOR01734,26,0,0
BOR01735,22,0,0
BOR01736,0,0,0
BOR01737,3,2,0
BOR01738,3,0,0
BOR01739,24,0,0
BOR01740,21,1,0
BOR01741,1,0,0
BOR01742,19,0,0
BOR01743,24,0,0
BOR01744,19,0,0
BOR01745,23,0,0
BOR01746,33,0,0
BOR01747,30,0,0
BOR01748,1,0,0
BOR01749,5,0,0
BOR01750,17,0,0
BOR01751,23,0,0
BOR01752,0,0,0
BOR01753,29,1,0
BOR01754,33,0,0
BOR01755,21,0,0
BOR01756,19,0,0
BOR01757,0,0,0
BOR01758,0,0,0
BOR01759,27,0,0
BOR01760,25,0,0
BOR01761,18,0,0
BOR01762,1,0,0
BOR01763,19,0,0
BOR01764,21,0,0
BOR01765,20,0,0
BOR01766,3,0,0
BOR01767,20,0,0
BOR01768,18,0,0
BOR01769,16,0,0
BOR01770,2,0,0
BOR01771,16,0,0
BOR01772,1,0,0
BOR01773,17,0,0
BOR01774,17,2,0
BOR01775,16,0,0
BOR01776,28,0,1
BOR01777,22,0,0
BOR01778,0,0,0
BOR01779,20,0,0
BOR01780,17,0,0
BOR01781,26,0,0
BOR01782,0,0,0
BOR01783,13,0,0
BOR01784,23,0,0
BOR01785,17,0,0
BOR01786,22,0,0
BOR01787,27,0,0
BOR01788,0,0,0
BOR01789,17,0,0
BOR01790,33,0,0
BOR01791,24,0,0
BOR01792,29,0,0
BOR01793,15,0,0
BOR01794,20,0,0
BOR01795,0,0,0
BOR01796,22,0,0
BOR01797,32,0,0
BOR01798,30,0,0
BOR01799,0,0,0
BOR01800,0,0,0
BOR01801,26,0,0
BOR01802,35,0,0
BOR01803,18,0,0
BOR01804,23,0,0
BOR01805,20,0,0
BOR01806,13,0,0
BOR01807,21,0,0
BOR01808,20,2,0
BOR01809,2,0,0
BOR01810,15,0,0
BOR01811,15,0,0
BOR01812,14,0,0
BOR01813,26,0,0
BOR01814,18,0,0
BOR01815,0,0,0
BOR01816,0,0,0
BOR01817,11,0,0
BOR01818,18,0,0
BOR01819,13,0,0
BOR01820,18,0,0
BOR01821,16,0,0
BOR01822,25,0,0
BOR01823,21,0,0
BOR01824,19,0,0
BOR01825,1,1,0
BOR01826,0,0,0
BOR01827,0,0,0
BOR01828,17,0,0
BOR01829,0,0,0
BOR01830,20,0,0
BOR01831,1,0,0
BOR01832,0,0,0
BOR01833,16,0,0
BOR01834,1,0,0
BOR01835,28,0,0
BOR01836,20,0,0
BOR01837,17,0,0
BOR01838,22,0,0
BOR01839,17,0,0
BOR01840,1,0,0
BOR01841,18,0,0
BOR01842,20,0,0
BOR01843,1,0,0
BOR01844,24,0,0
BOR01845,0,0,0
BOR01846,0,0,0
BOR01847,20,0,0
BOR01848,36,0,0
BOR01849,33,0,0
BOR01850,1,0,0
BOR01851,30,0,0
BOR01852,25,0,0
BOR01853,17,0,0
BOR01854,31,0,0
BOR01855,20,0,0
BOR01856,20,0,0
BOR01857,2,0,0
BOR01858,25,0,0
BOR01859,1,0,0
BOR01860,3,0,0
BOR01861,22,0,0
BOR01862,25,1,0
BOR01863,27,0,0
BOR01864,21,0,0
BOR01865,22,0,0
BOR01866,23,0,0
BOR01867,17,0,0
BOR01868,21,0,0
BOR01869,26,0,0
BOR01870,19,0,0
BOR01871,17,0,0
BOR01872,16,0,0
BOR01873,24,0,0
BOR01874,12,0,0
BOR01875,15,0,0
BOR01876,0,0,0
BOR01877,17,0,0
BOR01878,11,0,0
BOR01879,16,0,0
BOR01880,9,1,0
BOR01881,10,0,0
BOR01882,16,0,0
BOR01883,11,0,0
BOR01884,2,0,0
BOR01885,26,0,0
BOR01886,24,0,0
BOR01887,23,0,0
BOR01888,1,1,0
BOR01889,15,0,0
BOR01890,1,0,0
BOR01891,24,0,0
BOR01892,0,0,0
BOR01893,30,1,0
BOR01894,22,0,0
BOR01895,0,0,0
BOR01896,26,0,0
BOR01897,21,0,0
BOR01898,16,0,0
BOR01899,2,0,0
BOR01900,2,0,0
BOR01901,26,0,0
BOR01902,17,0,0
BOR01903,2,0,0
BOR01904,21,0,0
BOR01905,24,0,0
BOR01906,27,0,0
BOR01907,0,0,0
BOR01908,1,0,0
BOR01909,19,0,0
BOR01910,16,0,0
BOR01911,27,0,0
BOR01912,17,0,0
BOR01913,20,0,0
BOR01914,4,0,0
BOR01915,21,0,0
BOR01916,35,0,0
BOR01917,18,0,0
BOR01918,16,0,0
BOR01919,26,0,0
BOR01920,22,0,0
BOR01921,24,0,0
BOR01922,16,0,0
BOR01923,0,0,0
BOR01924,18,0,0
BOR01925,19,0,0
BOR01926,15,0,0
BOR01927,15,0,0
BOR01928,19,0,0
BOR01929,13,0,0
BOR01930,18,0,0
BOR01931,10,0,0
BOR01932,14,0,0
BOR01933,13,0,0
BOR01934,0,0,0
BOR01935,3,0,0
BOR01936,0,0,0
BOR01937,19,0,0
BOR01938,15,0,0
BOR01939,11,0,0
BOR01940,20,0,0
BOR01941,24,0,0
BOR01942,0,0,0
BOR01943,17,0,0
BOR01944,20,0,0
BOR01945,26,0,0
BOR01946,23,0,0
BOR01947,4,0,0
BOR01948,19,0,0
BOR01949,16,0,0
BOR01950,0,0,0
BOR01951,22,0,0
BOR01952,1,0,0
BOR01953,16,0,0
BOR01954,25,0,0
BOR01955,33,0,0
BOR01956,4,0,0
BOR01957,28,0,0
BOR01958,20,0,0
BOR01959,0,0,0
BOR01960,36,0,0
BOR01961,15,0,0
BOR01962,17,0,0
BOR01963,18,0,0
BOR01964,15,0,0
BOR01965,18,0,0
BOR01966,30,0,0
BOR01967,20,0,0
BOR01968,0,0,0
BOR01969,28,0,0
BOR01970,23,0,0
BOR01971,24,0,0
BOR01972,2,0,0
BOR01973,19,0,0
BOR01974,20,0,0
BOR01975,23,0,0
BOR01976,21,0,0
BOR01977,12,0,0
BOR01978,21,0,0
BOR01979,0,0,0
BOR01980,19,0,0
BOR01981,13,0,0
BOR01982,0,0,0
BOR01983,14,0,0
BOR01984,21,0,0
BOR01985,19,0,0
BOR01986,16,0,0
BOR01987,0,0,0
BOR01988,14,0,0
BOR01989,3,0,0
BOR01990,0,0,0
BOR01991,19,0,0
BOR01992,21,0,0
BOR01993,23,0,0
BOR01994,17,0,0
BOR01995,25,0,0
BOR01996,23,0,0
BOR01997,16,0,0
BOR01998,0,0,0
BOR01999,1,1,0
BOR02000,0,0,0
BOR02001,23,0,0
BOR02002,20,0,0
BOR02003,3,0,0
BOR02004,17,0,0
BOR02005,25,0,0
BOR02006,1,0,0
BOR02007,18,1,0
BOR02008,28,0,0
BOR02009,16,0,0
BOR02010,21,0,0
